10:29.298,15258
10:29.298,15223
10:29.298,15128
10:29.298,15073
10:29.298,15022
10:29.298,14875
10:29.298,14825
10:29.298,14716
10:29.298,14687
10:29.298,14565
10:29.298,14500
10:29.298,14302
10:29.298,14088
10:29.298,13950
10:29.298,13761
10:29.298,13528
10:29.298,13436
10:29.298,13332
10:29.298,13201
10:29.298,13120
10:29.298,13024
10:29.298,12839
10:29.298,12729
10:29.298,12527
10:29.298,12421
10:29.298,12328
10:29.298,12211
10:29.299,12094
10:29.299,11984
10:29.299,11871
10:29.299,11793
10:29.299,11717
10:29.299,11605
10:29.299,11375
10:29.299,11252
10:29.299,11123
10:29.299,10846
10:29.299,10659
10:29.299,10412
10:29.299,10046
10:29.299,9909
10:29.299,9731
10:29.299,9535
10:29.299,9257
10:29.299,8969
10:29.299,8625
10:29.299,8518
10:29.299,8455
10:29.299,8303
10:29.299,8114
10:29.299,7853
10:29.299,7683
10:29.299,7579
10:29.299,7438
10:29.299,7173
10:29.299,7093
10:29.299,7092
10:29.299,6879
10:29.299,6875
10:29.299,6741
10:29.299,6736
10:29.299,6657
10:29.299,6558
10:29.299,6508
10:29.299,6385
10:29.299,6371
10:29.299,6301
10:29.299,6260
10:29.299,6265
10:29.299,6243
10:29.299,6254
10:29.299,6384
10:29.299,6352
10:29.299,6352
10:29.299,6411
10:29.299,6439
10:29.299,6485
10:29.299,6507
10:29.299,6566
10:29.299,6804
10:29.299,6887
10:29.299,6873
10:29.299,6986
10:29.299,7115
10:29.299,7316
10:29.299,7511
10:29.299,7665
10:29.299,7781
10:29.299,7929
10:29.299,8012
10:29.299,8302
10:29.299,8541
10:29.299,8767
10:29.299,8807
10:29.299,8921
10:29.299,9258
10:29.299,9631
10:29.299,9918
10:29.299,10104
10:29.299,10562
10:29.299,10793
10:29.299,11214
10:29.299,11433
10:29.299,11545
10:29.299,11746
10:29.299,11943
10:29.299,12181
10:29.299,12382
10:29.299,12504
10:29.299,12616
10:29.299,12800
10:29.299,12901
10:29.299,13041
10:29.299,13095
10:29.299,13277
10:29.299,13407
10:29.299,13543
10:29.299,13559
10:29.299,13794
10:29.299,13851
10:29.299,13984
10:29.299,14069
10:29.299,14215
10:29.299,14249
10:29.299,14366
10:29.299,14431
10:29.299,14459
10:29.299,14634
10:29.299,14726
10:29.299,14864
10:29.299,14896
10:29.299,15046
10:29.299,15063
10:29.299,15163
10:29.299,15146
10:29.299,15231
10:29.299,15257
10:29.299,15240
10:29.299,15281
10:29.299,15279
10:29.299,15232
10:29.299,15237
10:29.299,15228
10:29.299,15181
10:29.299,15110
10:29.299,15084
10:29.299,15008
10:29.299,14983
10:29.299,14927
10:29.299,14833
10:29.299,14783
10:29.299,14640
10:29.299,14567
10:29.299,14425
10:29.299,14316
10:29.299,14252
10:29.299,14134
10:29.299,14018
10:29.299,13973
10:29.299,13801
10:29.299,13290
10:29.299,13133
10:29.299,12944
10:29.299,13042
10:29.299,12798
10:29.299,12552
10:29.299,12457
10:29.299,12280
10:29.299,12220
10:29.299,12148
10:29.299,11963
10:29.300,11801
10:29.300,11750
10:29.300,11706
10:29.300,11483
10:29.300,11345
10:29.300,11190
10:29.300,11026
10:29.300,10866
10:29.300,10715
10:29.300,10596
10:29.300,10442
10:29.300,10224
10:29.300,10061
10:29.300,9888
10:29.300,9721
10:29.300,9600
10:29.300,9300
10:29.300,9110
10:29.300,8967
10:29.300,8879
10:29.300,8682
10:29.300,8515
10:29.300,8436
10:29.300,8290
10:29.300,8148
10:29.300,8026
10:29.300,7738
10:29.300,7674
10:29.300,7606
10:29.300,7479
10:29.300,7239
10:29.300,7127
10:29.300,7063
10:29.300,6949
10:29.300,6940
10:29.300,6718
10:29.300,6713
10:29.300,6677
10:29.300,6623
10:29.300,6569
10:29.300,6494
10:29.300,6444
10:29.300,6410
10:29.300,6365
10:29.300,6317
10:29.300,6332
10:29.300,6333
10:29.300,6324
10:29.300,6290
10:29.300,6303
10:29.300,6282
10:29.300,6246
10:29.300,6298
10:29.300,6345
10:29.300,6284
10:29.300,6380
10:29.300,6368
10:29.300,6435
10:29.300,6521
10:29.300,6591
10:29.300,6605
10:29.300,6723
10:29.300,6770
10:29.300,6822
10:29.300,6927
10:29.300,6893
10:29.300,7099
10:29.300,7143
10:29.300,7273
10:29.300,7279
10:29.300,7481
10:29.300,7625
10:29.300,7616
10:29.300,7742
10:29.300,7872
10:29.300,8035
10:29.300,8172
10:29.300,8304
10:29.300,8432
10:29.300,8598
10:29.300,8761
10:29.300,8859
10:29.300,8986
10:29.300,9286
10:29.300,9474
10:29.300,9592
10:29.300,9824
10:29.300,9953
10:29.300,10131
10:29.300,10379
10:29.300,10610
10:29.300,10729
10:29.300,10906
10:29.300,11041
10:29.300,11240
10:29.300,11396
10:29.300,11533
10:29.300,11659
10:29.300,11737
10:29.300,11905
10:29.300,12009
10:29.300,12016
10:29.300,12224
10:29.300,12546
10:29.300,12567
10:29.300,12819
10:29.300,12918
10:29.300,13177
10:29.300,13319
10:29.300,13374
10:29.300,13562
10:29.300,13693
10:29.300,13852
10:29.300,14087
10:29.300,14602
10:29.300,14748
10:29.300,14865
10:29.300,15051
10:29.300,15107
10:29.300,15151
10:29.300,15218
10:29.300,15226
10:29.300,15239
10:29.300,15279
10:29.300,15295
10:29.300,15284
10:29.300,15255
10:29.300,15270
10:29.300,15257
10:29.300,15187
10:29.300,15154
10:29.300,15088
10:29.300,15009
10:29.300,14914
10:29.300,14813
10:29.300,14812
10:29.300,14731
10:29.300,14727
10:29.300,14594
10:29.300,14501
10:29.300,14383
10:29.300,14313
10:29.300,14097
10:29.300,14126
10:29.300,13937
10:29.300,13837
10:29.300,13765
10:29.300,13630
10:29.300,13358
10:29.300,13263
10:29.300,13076
10:29.300,13050
10:29.300,12885
10:29.300,12731
10:29.300,12527
10:29.300,12393
10:29.300,12285
10:29.300,11962
10:29.301,11885
10:29.301,11789
10:29.301,11776
10:29.301,11652
10:29.301,11352
10:29.301,11209
10:29.301,11004
10:29.301,10627
10:29.301,10606
10:29.301,10419
10:29.301,10268
10:29.301,10088
10:29.301,9859
10:29.301,9602
10:29.301,9442
10:29.301,9286
10:29.301,9136
10:29.301,8838
10:29.301,8686
10:29.301,8477
10:29.301,8413
10:29.301,8257
10:29.301,8162
10:29.301,7894
10:29.301,7730
10:29.301,7644
10:29.301,7486
10:29.301,7344
10:29.301,7292
10:29.301,7171
10:29.301,7048
10:29.301,6999
10:29.301,6765
10:29.301,6746
10:29.301,6587
10:29.301,6573
10:29.301,6541
10:29.301,6357
10:29.301,6406
10:29.301,6331
10:29.301,6351
10:29.301,6301
10:29.301,6325
10:29.301,6277
10:29.301,6285
10:29.301,6326
10:29.301,6308
10:29.301,6303
10:29.301,6314
10:29.301,6387
10:29.301,6371
10:29.301,6480
10:29.301,6520
10:29.301,6545
10:29.301,6724
10:29.301,6793
10:29.301,6806
10:29.301,6985
10:29.301,7088
10:29.301,7164
10:29.301,7246
10:29.301,7373
10:29.301,7607
10:29.301,7657
10:29.301,7786
10:29.301,7940
10:29.301,8053
10:29.301,8157
10:29.301,8348
10:29.301,8383
10:29.301,8600
10:29.301,8722
10:29.301,8841
10:29.301,9079
10:29.301,9171
10:29.301,9281
10:29.301,9456
10:29.301,9586
10:29.301,9751
10:29.301,9874
10:29.301,10102
10:29.301,10235
10:29.301,10356
10:29.301,10603
10:29.301,10715
10:29.301,10921
10:29.301,11014
10:29.301,11314
10:29.301,11509
10:29.301,11561
10:29.301,11609
10:29.301,11680
10:29.301,11811
10:29.301,11910
10:29.301,11960
10:29.301,12053
10:29.301,12253
10:29.301,12384
10:29.301,12490
10:29.301,12602
10:29.301,12750
10:29.301,12899
10:29.301,12993
10:29.301,13158
10:29.301,13282
10:29.301,13413
10:29.301,13443
10:29.301,13603
10:29.301,13747
10:29.301,13794
10:29.301,13925
10:29.301,14071
10:29.301,14092
10:29.301,14290
10:29.301,14361
10:29.301,14521
10:29.301,14486
10:29.301,14635
10:29.301,14650
10:29.301,14744
10:29.301,14790
10:29.301,14808
10:29.301,14887
10:29.301,14986
10:29.301,14966
10:29.301,15101
10:29.301,15111
10:29.301,15181
10:29.301,15236
10:29.301,15264
10:29.301,15265
10:29.301,15278
10:29.301,15323
10:29.301,15279
10:29.301,15175
10:29.301,15210
10:29.301,15147
10:29.301,15082
10:29.301,15036
10:29.301,14940
10:29.301,14890
10:29.301,14810
10:29.301,14716
10:29.301,14672
10:29.301,14587
10:29.301,14473
10:29.301,14464
10:29.301,14325
10:29.301,14276
10:29.301,14128
10:29.301,14053
10:29.301,14007
10:29.301,13816
10:29.301,13755
10:29.301,13615
10:29.301,13519
10:29.301,13356
10:29.301,13329
10:29.301,13152
10:29.301,13027
10:29.301,12934
10:29.301,12726
10:29.301,12622
10:29.301,12547
10:29.301,12376
10:29.301,12257
10:29.301,12099
10:29.301,12015
10:29.301,11853
10:29.302,11823
10:29.302,11666
10:29.302,11638
10:29.302,11484
10:29.302,11383
10:29.302,11201
10:29.302,11009
10:29.302,10915
10:29.302,10693
10:29.302,10540
10:29.302,10469
10:29.302,10197
10:29.302,10106
10:29.302,9884
10:29.302,9729
10:29.302,9635
10:29.302,9521
10:29.302,9323
10:29.302,9200
10:29.302,9114
10:29.302,8900
10:29.302,8642
10:29.302,8545
10:29.302,8453
10:29.302,8259
10:29.302,8165
10:29.302,8043
10:29.302,7876
10:29.302,7784
10:29.302,7569
10:29.302,7411
10:29.302,7303
10:29.302,7256
10:29.302,7156
10:29.302,7064
10:29.302,6942
10:29.302,6825
10:29.302,6720
10:29.302,6553
10:29.302,6634
10:29.302,6522
10:29.302,6458
10:29.302,6415
10:29.302,6400
10:29.302,6374
10:29.302,6319
10:29.302,6277
10:29.302,6251
10:29.302,6257
10:29.302,6302
10:29.302,6258
10:29.302,6355
10:29.302,6332
10:29.302,6434
10:29.302,6519
10:29.302,6543
10:29.302,6687
10:29.302,6577
10:29.302,6808
10:29.302,6823
10:29.302,6871
10:29.302,7011
10:29.302,7168
10:29.302,7309
10:29.302,7403
10:29.302,7457
10:29.302,7567
10:29.302,7724
10:29.302,7842
10:29.302,7969
10:29.302,8034
10:29.302,8087
10:29.302,8485
10:29.302,8585
10:29.302,8884
10:29.302,9027
10:29.302,9159
10:29.302,9271
10:29.302,9528
10:29.302,9591
10:29.302,9916
10:29.302,10067
10:29.302,10232
10:29.302,10612
10:29.302,10699
10:29.302,10871
10:29.302,11078
10:29.302,11509
10:29.302,11592
10:29.302,11597
10:29.302,11731
10:29.302,11747
10:29.302,11860
10:29.302,11959
10:29.302,12122
10:29.302,12297
10:29.302,12390
10:29.302,12489
10:29.302,12617
10:29.302,12693
10:29.302,12949
10:29.302,13036
10:29.302,13186
10:29.302,13317
10:29.302,13373
10:29.302,13538
10:29.302,13583
10:29.302,13727
10:29.302,13977
10:29.302,14180
10:29.302,14295
10:29.302,14501
10:29.302,14681
10:29.302,14778
10:29.302,14887
10:29.302,14955
10:29.302,15103
10:29.302,15137
10:29.302,15224
10:29.302,15226
10:29.302,15268
10:29.302,15304
10:29.302,15328
10:29.302,15297
10:29.302,15284
10:29.302,15270
10:29.302,15220
10:29.302,15200
10:29.302,15175
10:29.302,15094
10:29.302,15007
10:29.302,14900
10:29.302,14852
10:29.302,14820
10:29.302,14699
10:29.302,14626
10:29.302,14496
10:29.302,14464
10:29.302,14344
10:29.302,14240
10:29.302,14031
10:29.302,13972
10:29.302,13901
10:29.302,13781
10:29.302,13613
10:29.302,13545
10:29.302,13413
10:29.302,13269
10:29.302,13188
10:29.302,13011
10:29.302,12928
10:29.302,12732
10:29.302,12647
10:29.302,12512
10:29.302,12397
10:29.303,12141
10:29.303,12028
10:29.303,11949
10:29.303,11875
10:29.303,11741
10:29.303,11645
10:29.303,11526
10:29.303,11327
10:29.303,11239
10:29.303,11051
10:29.303,10855
10:29.303,10779
10:29.303,10654
10:29.303,10439
10:29.303,10180
10:29.303,10137
10:29.303,9914
10:29.303,9773
10:29.303,9652
10:29.303,9429
10:29.303,9297
10:29.303,9199
10:29.303,9028
10:29.303,8812
10:29.303,8800
10:29.303,8592
10:29.303,8274
10:29.303,8120
10:29.303,8050
10:29.303,7936
10:29.303,7770
10:29.303,7675
10:29.303,7521
10:29.303,7473
10:29.303,7325
10:29.303,7260
10:29.303,7172
10:29.303,7068
10:29.303,6941
10:29.303,6889
10:29.303,6793
10:29.303,6731
10:29.303,6673
10:29.303,6585
10:29.303,6584
10:29.303,6529
10:29.303,6531
10:29.303,6484
10:29.303,6336
10:29.303,6377
10:29.303,6393
10:29.303,6349
10:29.303,6379
10:29.303,6281
10:29.303,6316
10:29.303,6343
10:29.303,6359
10:29.303,6359
10:29.303,6428
10:29.303,6407
10:29.303,6388
10:29.303,6482
10:29.303,6509
10:29.303,6557
10:29.303,6580
10:29.303,6604
10:29.303,6727
10:29.303,6840
10:29.303,6895
10:29.303,6997
10:29.303,7097
10:29.303,7178
10:29.303,7300
10:29.303,7391
10:29.303,7564
10:29.303,7576
10:29.303,7729
10:29.303,7865
10:29.303,7986
10:29.303,8151
10:29.303,8316
10:29.303,8438
10:29.303,8608
10:29.303,8878
10:29.303,9008
10:29.303,9204
10:29.303,9320
10:29.303,9472
10:29.303,9787
10:29.303,9748
10:29.303,10070
10:29.303,10180
10:29.303,10290
10:29.303,10453
10:29.303,10579
10:29.303,10692
10:29.303,10965
10:29.303,11130
10:29.303,11167
10:29.303,11441
10:29.303,11602
10:29.303,11646
10:29.303,11760
10:29.303,11826
10:29.303,11956
10:29.303,12044
10:29.303,12155
10:29.303,12333
10:29.303,12436
10:29.303,12508
10:29.303,12645
10:29.303,12809
10:29.303,12937
10:29.303,13049
10:29.303,13091
10:29.303,13387
10:29.303,13663
10:29.303,13816
10:29.303,13960
10:29.303,14251
10:29.303,14441
10:29.303,14516
10:29.303,14650
10:29.303,14665
10:29.303,14723
10:29.303,14825
10:29.303,14897
10:29.303,14931
10:29.303,15070
10:29.303,15168
10:29.303,15247
10:29.303,15267
10:29.303,15293
10:29.303,15286
10:29.303,15298
10:29.303,15329
10:29.303,15263
10:29.303,15245
10:29.303,15237
10:29.303,15183
10:29.303,15165
10:29.303,15079
10:29.303,14947
10:29.303,14879
10:29.303,14783
10:29.303,14629
10:29.303,14604
10:29.303,14529
10:29.303,14478
10:29.303,14386
10:29.303,14292
10:29.303,14230
10:29.303,14100
10:29.303,13916
10:29.303,13881
10:29.303,13771
10:29.303,13666
10:29.303,13548
10:29.303,13444
10:29.303,13340
10:29.303,13146
10:29.303,13009
10:29.303,12851
10:29.303,12802
10:29.303,12707
10:29.303,12528
10:29.303,12329
10:29.303,12265
10:29.304,12118
10:29.304,12020
10:29.304,11837
10:29.304,11664
10:29.304,11436
10:29.304,11365
10:29.304,11224
10:29.304,11008
10:29.304,10619
10:29.304,10239
10:29.304,10132
10:29.304,10020
10:29.304,9749
10:29.304,9591
10:29.304,9267
10:29.304,9010
10:29.304,8737
10:29.304,8545
10:29.304,8405
10:29.304,8361
10:29.304,8180
10:29.304,7957
10:29.304,7693
10:29.304,7412
10:29.304,7369
10:29.304,7214
10:29.304,7133
10:29.304,7118
10:29.304,6926
10:29.304,6876
10:29.304,6818
10:29.304,6753
10:29.304,6681
10:29.304,6605
10:29.304,6576
10:29.304,6469
10:29.304,6370
10:29.304,6383
10:29.304,6345
10:29.304,6401
10:29.304,6346
10:29.304,6277
10:29.304,6326
10:29.304,6311
10:29.304,6315
10:29.304,6339
10:29.304,6283
10:29.304,6287
10:29.304,6355
10:29.304,6490
10:29.304,6423
10:29.304,6471
10:29.304,6509
10:29.304,6517
10:29.304,6643
10:29.304,6680
10:29.304,6771
10:29.304,6919
10:29.304,7136
10:29.304,7232
10:29.304,7409
10:29.304,7481
10:29.304,7780
10:29.304,8048
10:29.304,8211
10:29.304,8290
10:29.304,8432
10:29.304,8556
10:29.304,8837
10:29.304,8968
10:29.304,9137
10:29.304,9299
10:29.304,9634
10:29.304,9791
10:29.304,9933
10:29.304,10122
10:29.304,10228
10:29.304,10474
10:29.304,10512
10:29.304,10720
10:29.304,10883
10:29.304,11055
10:29.304,11448
10:29.304,11667
10:29.304,11736
10:29.304,11980
10:29.304,11989
10:29.304,12107
10:29.304,12219
10:29.304,12535
10:29.304,12567
10:29.304,12761
10:29.304,12956
10:29.304,13027
10:29.304,13201
10:29.304,13215
10:29.304,13375
10:29.304,13532
10:29.304,13676
10:29.304,13817
10:29.304,13972
10:29.304,14042
10:29.304,14201
10:29.304,14339
10:29.304,14463
10:29.304,14502
10:29.304,14682
10:29.304,14775
10:29.304,14909
10:29.304,14963
10:29.304,15059
10:29.304,15105
10:29.304,15222
10:29.304,15175
10:29.304,15217
10:29.304,15309
10:29.304,15307
10:29.304,15311
10:29.304,15295
10:29.304,15258
10:29.304,15256
10:29.304,15223
10:29.304,15167
10:29.304,15136
10:29.304,15048
10:29.304,15008
10:29.304,14916
10:29.304,14729
10:29.304,14710
10:29.304,14510
10:29.304,14387
10:29.304,14227
10:29.304,14022
10:29.304,13852
10:29.304,13687
10:29.304,13684
10:29.304,13453
10:29.304,13166
10:29.304,12881
10:29.304,12748
10:29.304,12655
10:29.304,12526
10:29.304,12374
10:29.304,12141
10:29.305,11880
10:29.305,11818
10:29.305,11680
10:29.305,11613
10:29.305,11373
10:29.305,11135
10:29.305,11068
10:29.305,10945
10:29.305,10675
10:29.305,10549
10:29.305,10415
10:29.305,10240
10:29.305,10143
10:29.305,9766
10:29.305,9617
10:29.305,9465
10:29.305,9014
10:29.305,8722
10:29.305,8567
10:29.305,8288
10:29.305,8195
10:29.305,8023
10:29.305,7921
10:29.305,7780
10:29.305,7595
10:29.305,7433
10:29.305,7288
10:29.305,7127
10:29.305,6946
10:29.305,6798
10:29.305,6721
10:29.305,6712
10:29.305,6618
10:29.305,6615
10:29.305,6501
10:29.305,6419
10:29.305,6394
10:29.305,6316
10:29.305,6302
10:29.305,6357
10:29.305,6324
10:29.305,6329
10:29.305,6337
10:29.305,6279
10:29.305,6372
10:29.305,6406
10:29.305,6380
10:29.305,6436
10:29.305,6440
10:29.305,6604
10:29.305,6640
10:29.305,6665
10:29.305,6753
10:29.305,6863
10:29.305,7089
10:29.305,7218
10:29.305,7295
10:29.305,7427
10:29.305,7537
10:29.305,7847
10:29.305,7874
10:29.305,8074
10:29.305,8273
10:29.305,8641
10:29.305,8839
10:29.305,9057
10:29.305,9175
10:29.305,9296
10:29.305,9605
10:29.305,9822
10:29.305,10003
10:29.305,10128
10:29.305,10314
10:29.305,10413
10:29.305,10574
10:29.305,10743
10:29.305,10861
10:29.305,11021
10:29.305,11228
10:29.305,11572
10:29.305,11615
10:29.305,11662
10:29.305,11809
10:29.305,11868
10:29.305,12152
10:29.305,12387
10:29.305,12635
10:29.305,12801
10:29.305,12941
10:29.305,12960
10:29.305,13075
10:29.305,13276
10:29.305,13388
10:29.305,13540
10:29.305,13655
10:29.305,13879
10:29.305,14011
10:29.305,14143
10:29.305,14154
10:29.305,14299
10:29.305,14455
10:29.305,14437
10:29.305,14453
10:29.305,14628
10:29.305,14693
10:29.305,14776
10:29.305,14827
10:29.305,14867
10:29.305,14932
10:29.305,14985
10:29.305,15025
10:29.305,15083
10:29.305,15151
10:29.305,15183
10:29.305,15228
10:29.305,15240
10:29.305,15277
10:29.305,15261
10:29.305,15289
10:29.305,15304
10:29.305,15296
10:29.305,15253
10:29.305,15231
10:29.305,15158
10:29.305,15053
10:29.305,15016
10:29.305,14965
10:29.305,14831
10:29.305,14763
10:29.305,14561
10:29.305,14563
10:29.305,14518
10:29.305,14415
10:29.305,14175
10:29.305,13977
10:29.305,13767
10:29.305,13653
10:29.305,13468
10:29.305,13432
10:29.305,13267
10:29.305,13068
10:29.305,12735
10:29.305,12619
10:29.305,12455
10:29.305,12333
10:29.305,12154
10:29.306,12064
10:29.306,11820
10:29.306,11704
10:29.306,11558
10:29.306,11356
10:29.306,11232
10:29.306,11149
10:29.306,10746
10:29.306,10430
10:29.306,10095
10:29.306,9944
10:29.306,9715
10:29.306,9641
10:29.306,9482
10:29.306,9342
10:29.306,9152
10:29.306,8989
10:29.306,8880
10:29.306,8824
10:29.306,8585
10:29.306,8399
10:29.306,8328
10:29.306,8175
10:29.306,8024
10:29.306,7784
10:29.306,7744
10:29.306,7617
10:29.306,7510
10:29.306,7377
10:29.306,7287
10:29.306,7036
10:29.306,6983
10:29.306,6831
10:29.306,6888
10:29.306,6732
10:29.306,6704
10:29.306,6617
10:29.306,6617
10:29.306,6521
10:29.306,6453
10:29.306,6452
10:29.306,6368
10:29.306,6319
10:29.306,6361
10:29.306,6371
10:29.306,6291
10:29.306,6301
10:29.306,6217
10:29.306,6277
10:29.306,6338
10:29.306,6302
10:29.306,6434
10:29.306,6337
10:29.306,6365
10:29.306,6437
10:29.306,6375
10:29.306,6484
10:29.306,6533
10:29.306,6637
10:29.306,6698
10:29.306,6776
10:29.306,6808
10:29.306,6876
10:29.306,7008
10:29.306,7080
10:29.306,7187
10:29.306,7290
10:29.306,7410
10:29.306,7458
10:29.306,7653
10:29.306,7676
10:29.306,7775
10:29.306,7960
10:29.306,8074
10:29.306,8179
10:29.306,8291
10:29.306,8483
10:29.306,8693
10:29.306,8879
10:29.306,9087
10:29.306,9215
10:29.306,9298
10:29.306,9529
10:29.306,9675
10:29.306,9727
10:29.306,9865
10:29.306,10031
10:29.306,10241
10:29.306,10387
10:29.306,10520
10:29.306,10777
10:29.306,10865
10:29.306,11016
10:29.306,11299
10:29.306,11333
10:29.306,11537
10:29.306,11543
10:29.306,11849
10:29.306,11851
10:29.306,11993
10:29.306,12127
10:29.306,12229
10:29.306,12393
10:29.306,12543
10:29.306,12560
10:29.306,12804
10:29.306,12860
10:29.306,13070
10:29.306,13115
10:29.306,13228
10:29.306,13422
10:29.306,13541
10:29.306,13551
10:29.306,13714
10:29.306,13889
10:29.306,13947
10:29.306,14066
10:29.306,14251
10:29.306,14255
10:29.306,14801
10:29.306,14802
10:29.306,14925
10:29.306,15020
10:29.306,15104
10:29.306,15172
10:29.306,15205
10:29.306,15247
10:29.306,15264
10:29.306,15287
10:29.306,15291
10:29.306,15286
10:29.306,15276
10:29.306,15238
10:29.306,15248
10:29.306,15231
10:29.306,15198
10:29.306,15100
10:29.306,15049
10:29.306,15010
10:29.306,14917
10:29.306,14827
10:29.306,14717
10:29.306,14611
10:29.306,14563
10:29.306,14467
10:29.306,14375
10:29.306,14309
10:29.306,14241
10:29.306,14166
10:29.306,14085
10:29.306,13930
10:29.306,13883
10:29.306,13729
10:29.306,13639
10:29.306,13558
10:29.306,13401
10:29.306,13267
10:29.306,13012
10:29.306,12866
10:29.306,12714
10:29.306,12700
10:29.306,12527
10:29.306,12339
10:29.306,12310
10:29.306,12228
10:29.306,12088
10:29.306,11885
10:29.307,11797
10:29.307,11725
10:29.307,11576
10:29.307,11606
10:29.307,11343
10:29.307,11199
10:29.307,11073
10:29.307,10886
10:29.307,10622
10:29.307,10607
10:29.307,10328
10:29.307,10290
10:29.307,10112
10:29.307,9917
10:29.307,9801
10:29.307,9599
10:29.307,9437
10:29.307,9173
10:29.307,9017
10:29.307,8857
10:29.307,8685
10:29.307,8459
10:29.307,8299
10:29.307,8194
10:29.307,7971
10:29.307,7795
10:29.307,7674
10:29.307,7536
10:29.307,7456
10:29.307,7293
10:29.307,7115
10:29.307,7006
10:29.307,6933
10:29.307,6895
10:29.307,6795
10:29.307,6758
10:29.307,6684
10:29.307,6565
10:29.307,6639
10:29.307,6535
10:29.307,6457
10:29.307,6388
10:29.307,6356
10:29.307,6376
10:29.307,6282
10:29.307,6338
10:29.307,6305
10:29.307,6300
10:29.307,6271
10:29.307,6252
10:29.307,6268
10:29.307,6356
10:29.307,6347
10:29.307,6464
10:29.307,6456
10:29.307,6525
10:29.307,6520
10:29.307,6633
10:29.307,6755
10:29.307,6809
10:29.307,6935
10:29.307,7010
10:29.307,7162
10:29.307,7247
10:29.307,7404
10:29.307,7445
10:29.307,7663
10:29.307,7831
10:29.307,7965
10:29.307,8061
10:29.307,8187
10:29.307,8442
10:29.307,8524
10:29.307,8804
10:29.307,8818
10:29.307,8951
10:29.307,9107
10:29.307,9299
10:29.307,9612
10:29.307,9752
10:29.307,9915
10:29.307,10074
10:29.307,10263
10:29.307,10289
10:29.307,10531
10:29.307,10905
10:29.307,11018
10:29.307,11165
10:29.307,11354
10:29.307,11484
10:29.307,11688
10:29.307,11782
10:29.307,11903
10:29.307,12105
10:29.307,12147
10:29.307,12326
10:29.307,12562
10:29.307,12673
10:29.307,12816
10:29.307,13025
10:29.307,13162
10:29.307,13277
10:29.307,13593
10:29.307,13637
10:29.307,13745
10:29.307,13886
10:29.307,14171
10:29.307,14375
10:29.307,14595
10:29.307,14772
10:29.307,14836
10:29.307,14947
10:29.307,15037
10:29.307,15119
10:29.307,15167
10:29.307,15248
10:29.307,15275
10:29.307,15263
10:29.307,15255
10:29.307,15287
10:29.307,15308
10:29.307,15231
10:29.307,15245
10:29.307,15199
10:29.307,15195
10:29.307,15182
10:29.307,15064
10:29.307,14994
10:29.307,14884
10:29.307,14785
10:29.307,14771
10:29.307,14657
10:29.307,14595
10:29.307,14524
10:29.307,14344
10:29.307,14296
10:29.307,14155
10:29.307,14069
10:29.307,13999
10:29.307,13846
10:29.307,13721
10:29.307,13669
10:29.307,13479
10:29.307,13401
10:29.307,13236
10:29.307,13127
10:29.307,12981
10:29.307,12937
10:29.307,12720
10:29.307,12568
10:29.307,12435
10:29.307,12313
10:29.307,12309
10:29.308,12061
10:29.308,12075
10:29.308,11955
10:29.308,11832
10:29.308,11718
10:29.308,11664
10:29.308,11461
10:29.308,11333
10:29.308,11310
10:29.308,11027
10:29.308,10987
10:29.308,10674
10:29.308,10090
10:29.308,9967
10:29.308,9736
10:29.308,9578
10:29.308,9535
10:29.308,9352
10:29.308,9170
10:29.308,9011
10:29.308,8867
10:29.308,8680
10:29.308,8620
10:29.308,8455
10:29.308,8299
10:29.308,8206
10:29.308,8098
10:29.308,7925
10:29.308,7777
10:29.308,7741
10:29.308,7543
10:29.308,7405
10:29.308,7235
10:29.308,7108
10:29.308,7059
10:29.308,7032
10:29.308,6871
10:29.308,6866
10:29.308,6775
10:29.308,6660
10:29.308,6602
10:29.308,6492
10:29.308,6504
10:29.308,6525
10:29.308,6360
10:29.308,6342
10:29.308,6359
10:29.308,6385
10:29.308,6216
10:29.308,6303
10:29.308,6277
10:29.308,6246
10:29.308,6258
10:29.308,6293
10:29.308,6309
10:29.308,6375
10:29.308,6442
10:29.308,6426
10:29.308,6475
10:29.308,6529
10:29.308,6577
10:29.308,6586
10:29.308,6680
10:29.308,6814
10:29.308,6780
10:29.308,6822
10:29.308,6947
10:29.308,7029
10:29.308,7204
10:29.308,7258
10:29.308,7378
10:29.308,7473
10:29.308,7595
10:29.308,7679
10:29.308,7971
10:29.308,8114
10:29.308,8153
10:29.308,8323
10:29.308,8484
10:29.308,8559
10:29.308,8846
10:29.308,8989
10:29.308,9171
10:29.308,9474
10:29.308,9668
10:29.308,9788
10:29.308,9910
10:29.308,10109
10:29.308,10234
10:29.308,10586
10:29.308,10659
10:29.308,10907
10:29.308,11055
10:29.308,11200
10:29.308,11383
10:29.308,11544
10:29.308,11730
10:29.308,11893
10:29.308,11969
10:29.308,12096
10:29.308,12400
10:29.308,12469
10:29.308,12623
10:29.308,12743
10:29.308,13087
10:29.308,13215
10:29.308,13228
10:29.308,13404
10:29.308,13578
10:29.308,13622
10:29.308,13895
10:29.308,14148
10:29.308,14360
10:29.308,14635
10:29.308,14714
10:29.308,14940
10:29.308,15056
10:29.308,15112
10:29.308,15228
10:29.308,15248
10:29.308,15253
10:29.308,15265
10:29.308,15283
10:29.308,15232
10:29.308,15252
10:29.308,15217
10:29.308,15121
10:29.308,15083
10:29.308,15023
10:29.308,14920
10:29.308,14865
10:29.308,14708
10:29.308,14596
10:29.308,14471
10:29.308,14377
10:29.308,14152
10:29.308,14038
10:29.308,13948
10:29.308,13875
10:29.308,13780
10:29.308,13629
10:29.308,13490
10:29.308,13407
10:29.308,13357
10:29.308,13128
10:29.308,13057
10:29.308,12918
10:29.308,12701
10:29.308,12642
10:29.308,12485
10:29.308,12443
10:29.308,12233
10:29.308,12144
10:29.309,11968
10:29.309,11922
10:29.309,11779
10:29.309,11750
10:29.309,11642
10:29.309,11530
10:29.309,11438
10:29.309,11216
10:29.309,11035
10:29.309,10947
10:29.309,10656
10:29.309,10549
10:29.309,10339
10:29.309,10199
10:29.309,10043
10:29.309,9923
10:29.309,9798
10:29.309,9650
10:29.309,9427
10:29.309,9288
10:29.309,9172
10:29.309,8978
10:29.309,8847
10:29.309,8695
10:29.309,8458
10:29.309,8482
10:29.309,8283
10:29.309,8159
10:29.309,8057
10:29.309,7904
10:29.309,7807
10:29.309,7718
10:29.309,7615
10:29.309,7497
10:29.309,7365
10:29.309,7225
10:29.309,7067
10:29.309,6927
10:29.309,6800
10:29.309,6817
10:29.309,6683
10:29.309,6579
10:29.309,6549
10:29.309,6508
10:29.309,6495
10:29.309,6444
10:29.309,6360
10:29.309,6347
10:29.309,6283
10:29.309,6267
10:29.309,6267
10:29.309,6287
10:29.309,6332
10:29.309,6284
10:29.309,6301
10:29.309,6323
10:29.309,6378
10:29.309,6304
10:29.309,6454
10:29.309,6591
10:29.309,6525
10:29.309,6583
10:29.309,6655
10:29.309,6730
10:29.309,6808
10:29.309,7023
10:29.309,7023
10:29.309,7119
10:29.309,7362
10:29.309,7405
10:29.309,7605
10:29.309,7670
10:29.309,7812
10:29.309,7869
10:29.309,7993
10:29.309,8125
10:29.309,8338
10:29.309,8423
10:29.309,8619
10:29.309,8759
10:29.309,8848
10:29.309,8965
10:29.309,9293
10:29.309,9595
10:29.309,9728
10:29.309,9936
10:29.309,10036
10:29.309,10219
10:29.309,10385
10:29.309,10562
10:29.309,10917
10:29.309,11059
10:29.309,11139
10:29.309,11309
10:29.309,11515
10:29.309,11614
10:29.309,11734
10:29.309,11794
10:29.309,11915
10:29.309,12008
10:29.309,12131
10:29.309,12244
10:29.309,12376
10:29.309,12459
10:29.309,12707
10:29.309,12877
10:29.309,13001
10:29.309,13136
10:29.309,13282
10:29.309,13371
10:29.309,13501
10:29.309,13704
10:29.309,13816
10:29.309,13985
10:29.309,14194
10:29.309,14323
10:29.309,14514
10:29.309,14533
10:29.309,14713
10:29.309,14716
10:29.309,14800
10:29.309,14880
10:29.309,14908
10:29.309,15013
10:29.309,15132
10:29.309,15128
10:29.309,15177
10:29.309,15211
10:29.309,15266
10:29.309,15289
10:29.309,15321
10:29.309,15271
10:29.309,15224
10:29.309,15215
10:29.309,15196
10:29.309,15168
10:29.309,15097
10:29.309,15023
10:29.309,15014
10:29.309,14961
10:29.309,14888
10:29.309,14803
10:29.309,14767
10:29.309,14787
10:29.309,14664
10:29.309,14582
10:29.309,14564
10:29.309,14486
10:29.309,14183
10:29.309,14120
10:29.309,13971
10:29.309,13864
10:29.309,13798
10:29.309,13654
10:29.309,13524
10:29.309,13356
10:29.309,13281
10:29.309,13145
10:29.309,13067
10:29.309,12863
10:29.309,12740
10:29.309,12619
10:29.309,12575
10:29.309,12393
10:29.309,12128
10:29.310,12012
10:29.310,11847
10:29.310,11829
10:29.310,11729
10:29.310,11671
10:29.310,11488
10:29.310,11298
10:29.310,11251
10:29.310,11126
10:29.310,10819
10:29.310,10651
10:29.310,10568
10:29.310,10456
10:29.310,10239
10:29.310,10079
10:29.310,9905
10:29.310,9753
10:29.310,9577
10:29.310,9476
10:29.310,9357
10:29.310,9097
10:29.310,9058
10:29.310,8831
10:29.310,8727
10:29.310,8637
10:29.310,8487
10:29.310,8301
10:29.310,8211
10:29.310,8061
10:29.310,7972
10:29.310,7824
10:29.310,7624
10:29.310,7521
10:29.310,7509
10:29.310,7407
10:29.310,7312
10:29.310,7143
10:29.310,7093
10:29.310,7045
10:29.310,6949
10:29.310,6837
10:29.310,6717
10:29.310,6663
10:29.310,6587
10:29.310,6601
10:29.310,6536
10:29.310,6479
10:29.310,6424
10:29.310,6345
10:29.310,6277
10:29.310,6312
10:29.310,6289
10:29.310,6208
10:29.310,6337
10:29.310,6257
10:29.310,6231
10:29.310,6370
10:29.310,6356
10:29.310,6312
10:29.310,6420
10:29.310,6431
10:29.310,6529
10:29.310,6648
10:29.310,6593
10:29.310,6689
10:29.310,6700
10:29.310,6889
10:29.310,6917
10:29.310,7020
10:29.310,7033
10:29.310,7195
10:29.310,7355
10:29.310,7317
10:29.310,7543
10:29.310,7700
10:29.310,7773
10:29.310,7927
10:29.310,8025
10:29.310,8206
10:29.310,8442
10:29.310,8547
10:29.310,8652
10:29.310,8879
10:29.310,8982
10:29.310,9159
10:29.310,9422
10:29.310,9585
10:29.310,9726
10:29.310,10030
10:29.310,10179
10:29.310,10358
10:29.310,10590
10:29.310,10680
10:29.310,10960
10:29.310,11207
10:29.310,11426
10:29.310,11589
10:29.310,11777
10:29.310,11784
10:29.310,11875
10:29.310,11973
10:29.310,13048
10:29.310,13035
10:29.310,13155
10:29.310,13507
10:29.310,13648
10:29.310,13770
10:29.310,13941
10:29.310,14291
10:29.310,14529
10:29.310,14753
10:29.310,14900
10:29.310,15030
10:29.310,15157
10:29.310,15208
10:29.310,15262
10:29.310,15254
10:29.310,15289
10:29.310,15311
10:29.310,15292
10:29.310,15310
10:29.310,15260
10:29.310,15269
10:29.310,15201
10:29.310,15135
10:29.310,15114
10:29.310,15065
10:29.310,14897
10:29.310,14840
10:29.310,14742
10:29.310,14611
10:29.310,14479
10:29.310,14427
10:29.310,14326
10:29.310,14199
10:29.310,14070
10:29.310,14020
10:29.310,13877
10:29.310,13703
10:29.310,13579
10:29.310,13488
10:29.310,13253
10:29.310,13105
10:29.310,12913
10:29.310,12768
10:29.310,12620
10:29.310,12498
10:29.310,12341
10:29.310,12220
10:29.310,11961
10:29.311,11928
10:29.311,11768
10:29.311,11747
10:29.311,11567
10:29.311,11399
10:29.311,11143
10:29.311,10890
10:29.311,10794
10:29.311,10496
10:29.311,10448
10:29.311,10265
10:29.311,10096
10:29.311,9991
10:29.311,9860
10:29.311,9609
10:29.311,9489
10:29.311,9311
10:29.311,9204
10:29.311,8961
10:29.311,8937
10:29.311,8723
10:29.311,8566
10:29.311,8413
10:29.311,8159
10:29.311,8032
10:29.311,7879
10:29.311,7832
10:29.311,7663
10:29.311,7494
10:29.311,7395
10:29.311,7213
10:29.311,7152
10:29.311,7055
10:29.311,7057
10:29.311,6967
10:29.311,6813
10:29.311,6749
10:29.311,6778
10:29.311,6645
10:29.311,6574
10:29.311,6515
10:29.311,6511
10:29.311,6473
10:29.311,6456
10:29.311,6374
10:29.311,6349
10:29.311,6311
10:29.311,6347
10:29.311,6314
10:29.311,6297
10:29.311,6315
10:29.311,6343
10:29.311,6275
10:29.311,6303
10:29.311,6314
10:29.311,6441
10:29.311,6407
10:29.311,6383
10:29.311,6559
10:29.311,6565
10:29.311,6665
10:29.311,6641
10:29.311,6755
10:29.311,6792
10:29.311,6949
10:29.311,6995
10:29.311,7162
10:29.311,7295
10:29.311,7402
10:29.311,7616
10:29.311,7920
10:29.311,8052
10:29.311,8339
10:29.311,8389
10:29.311,8741
10:29.311,9042
10:29.311,9129
10:29.311,9265
10:29.311,9572
10:29.311,9709
10:29.311,9937
10:29.311,9986
10:29.311,10315
10:29.311,10951
10:29.311,11075
10:29.311,11322
10:29.311,11615
10:29.311,11810
10:29.311,11840
10:29.311,11961
10:29.311,12075
10:29.311,12188
10:29.311,12337
10:29.311,12537
10:29.311,12565
10:29.311,12784
10:29.311,12944
10:29.311,13032
10:29.311,13102
10:29.311,13327
10:29.311,13641
10:29.311,13719
10:29.311,13796
10:29.311,14094
10:29.311,14144
10:29.311,14285
10:29.311,14378
10:29.311,14426
10:29.311,14506
10:29.311,14534
10:29.311,14621
10:29.311,14772
10:29.311,14879
10:29.311,14921
10:29.311,14962
10:29.311,15098
10:29.311,15171
10:29.311,15152
10:29.311,15207
10:29.311,15214
10:29.311,15288
10:29.311,15240
10:29.311,15299
10:29.311,15280
10:29.311,15274
10:29.311,15253
10:29.311,15231
10:29.311,15187
10:29.311,15127
10:29.311,15082
10:29.311,15016
10:29.311,14899
10:29.311,14809
10:29.311,14718
10:29.311,14683
10:29.311,14577
10:29.311,14513
10:29.311,14466
10:29.311,14332
10:29.311,14271
10:29.311,14097
10:29.311,14117
10:29.311,13985
10:29.311,13859
10:29.311,13817
10:29.311,13763
10:29.311,13522
10:29.311,13414
10:29.311,13267
10:29.311,13194
10:29.311,13052
10:29.311,12901
10:29.311,12691
10:29.311,12573
10:29.311,12520
10:29.311,12490
10:29.311,12253
10:29.311,12200
10:29.311,12056
10:29.312,11997
10:29.312,11730
10:29.312,11698
10:29.312,11652
10:29.312,11417
10:29.312,11203
10:29.312,11049
10:29.312,10900
10:29.312,10515
10:29.312,10426
10:29.312,10118
10:29.312,9923
10:29.312,9816
10:29.312,9662
10:29.312,9410
10:29.312,9361
10:29.312,9225
10:29.312,9068
10:29.312,8887
10:29.312,8740
10:29.312,8584
10:29.312,8425
10:29.312,8393
10:29.312,8231
10:29.312,8127
10:29.312,8018
10:29.312,7778
10:29.312,7650
10:29.312,7631
10:29.312,7460
10:29.312,7334
10:29.312,7332
10:29.312,7231
10:29.312,7102
10:29.312,6965
10:29.312,6920
10:29.312,6969
10:29.312,6714
10:29.312,6710
10:29.312,6649
10:29.312,6515
10:29.312,6511
10:29.312,6390
10:29.312,6467
10:29.312,6356
10:29.312,6320
10:29.312,6336
10:29.312,6297
10:29.312,6292
10:29.312,6274
10:29.312,6333
10:29.312,6345
10:29.312,6337
10:29.312,6348
10:29.312,6321
10:29.312,6373
10:29.312,6434
10:29.312,6569
10:29.312,6595
10:29.312,6639
10:29.312,6696
10:29.312,6772
10:29.312,6865
10:29.312,7055
10:29.312,7124
10:29.312,7223
10:29.312,7324
10:29.312,7428
10:29.312,7506
10:29.312,7677
10:29.312,7791
10:29.312,7933
10:29.312,8095
10:29.312,8083
10:29.312,8343
10:29.312,8394
10:29.312,8603
10:29.312,8714
10:29.312,8796
10:29.312,8992
10:29.312,9119
10:29.312,9351
10:29.312,9577
10:29.312,9757
10:29.312,9815
10:29.312,10056
10:29.312,10440
10:29.312,10543
10:29.312,10719
10:29.312,10886
10:29.312,11011
10:29.312,11155
10:29.312,11287
10:29.312,11491
10:29.312,11606
10:29.312,11681
10:29.312,11792
10:29.312,11841
10:29.312,12023
10:29.312,12041
10:29.312,12247
10:29.312,12413
10:29.312,12491
10:29.312,12620
10:29.312,12735
10:29.312,12863
10:29.312,12925
10:29.312,13177
10:29.312,13224
10:29.312,13426
10:29.312,13504
10:29.312,13679
10:29.312,13768
10:29.312,13952
10:29.312,14095
10:29.312,14228
10:29.312,14392
10:29.312,14551
10:29.312,14725
10:29.312,14839
10:29.312,14925
10:29.312,15001
10:29.312,15152
10:29.312,15197
10:29.312,15245
10:29.312,15287
10:29.312,15287
10:29.312,15274
10:29.312,15249
10:29.312,15215
10:29.312,15269
10:29.312,15169
10:29.312,15175
10:29.312,15063
10:29.312,15010
10:29.312,14936
10:29.312,14811
10:29.312,14741
10:29.312,14572
10:29.312,14464
10:29.312,14266
10:29.312,14108
10:29.312,14064
10:29.312,13929
10:29.312,13911
10:29.312,13613
10:29.312,13581
10:29.312,13321
10:29.312,13135
10:29.312,13025
10:29.312,12884
10:29.312,12589
10:29.312,12515
10:29.312,12365
10:29.312,12218
10:29.313,12102
10:29.313,12093
10:29.313,11743
10:29.313,11747
10:29.313,11625
10:29.313,11311
10:29.313,11201
10:29.313,11118
10:29.313,10947
10:29.313,10779
10:29.313,10423
10:29.313,10276
10:29.313,10110
10:29.313,9951
10:29.313,9567
10:29.313,9455
10:29.313,9321
10:29.313,9207
10:29.313,8995
10:29.313,8754
10:29.313,8585
10:29.313,8471
10:29.313,8334
10:29.313,8233
10:29.313,7989
10:29.313,7894
10:29.313,7450
10:29.313,7336
10:29.313,7244
10:29.313,7138
10:29.313,7103
10:29.313,6843
10:29.313,6858
10:29.313,6775
10:29.313,6608
10:29.313,6650
10:29.313,6492
10:29.313,6463
10:29.313,6449
10:29.313,6363
10:29.313,6366
10:29.313,6296
10:29.313,6316
10:29.313,6263
10:29.313,6281
10:29.313,6235
10:29.313,6252
10:29.313,6342
10:29.313,6337
10:29.313,6336
10:29.313,6337
10:29.313,6402
10:29.313,6528
10:29.313,6497
10:29.313,6578
10:29.313,6672
10:29.313,6713
10:29.313,6956
10:29.313,6981
10:29.313,7158
10:29.313,7310
10:29.313,7294
10:29.313,7462
10:29.313,7523
10:29.313,7717
10:29.313,7867
10:29.313,7984
10:29.313,8061
10:29.313,8406
10:29.313,8458
10:29.313,8695
10:29.313,8847
10:29.313,9015
10:29.313,9159
10:29.313,9399
10:29.313,9640
10:29.313,9765
10:29.313,9908
10:29.313,10093
10:29.313,10260
10:29.313,10417
10:29.313,10491
10:29.313,10742
10:29.313,10891
10:29.313,11106
10:29.313,11162
10:29.313,11336
10:29.313,11505
10:29.313,11759
10:29.313,11807
10:29.313,11885
10:29.313,12054
10:29.313,12177
10:29.313,12268
10:29.313,12388
10:29.313,12582
10:29.313,12744
10:29.313,12971
10:29.313,13175
10:29.313,13232
10:29.313,13527
10:29.313,13612
10:29.313,13690
10:29.313,13881
10:29.313,14074
10:29.313,14294
10:29.313,14463
10:29.313,14631
10:29.313,14791
10:29.313,14975
10:29.313,15057
10:29.313,15160
10:29.313,15219
10:29.313,15266
10:29.313,15288
10:29.313,15302
10:29.313,15261
10:29.313,15267
10:29.313,15289
10:29.313,15243
10:29.313,15237
10:29.313,15170
10:29.313,15138
10:29.313,15052
10:29.313,14987
10:29.313,14860
10:29.313,14742
10:29.313,14723
10:29.313,14595
10:29.313,14450
10:29.313,14247
10:29.313,14215
10:29.313,14086
10:29.313,13984
10:29.313,13785
10:29.313,13604
10:29.313,13536
10:29.313,13393
10:29.313,13275
10:29.313,13142
10:29.313,12821
10:29.313,12756
10:29.313,12501
10:29.313,12425
10:29.313,12304
10:29.314,12154
10:29.314,12087
10:29.314,11859
10:29.314,11808
10:29.314,11767
10:29.314,11696
10:29.314,11557
10:29.314,11296
10:29.314,11218
10:29.314,11105
10:29.314,10911
10:29.314,10627
10:29.314,10409
10:29.314,10190
10:29.314,10077
10:29.314,9998
10:29.314,9759
10:29.314,9644
10:29.314,9381
10:29.314,9243
10:29.314,9010
10:29.314,8669
10:29.314,8617
10:29.314,8415
10:29.314,8277
10:29.314,8180
10:29.314,8039
10:29.314,7820
10:29.314,7703
10:29.314,7529
10:29.314,7435
10:29.314,7300
10:29.314,7241
10:29.314,7060
10:29.314,6953
10:29.314,6914
10:29.314,6786
10:29.314,6705
10:29.314,6651
10:29.314,6543
10:29.314,6476
10:29.314,6571
10:29.314,6434
10:29.314,6394
10:29.314,6366
10:29.314,6353
10:29.314,6323
10:29.314,6320
10:29.314,6315
10:29.314,6248
10:29.314,6319
10:29.314,6303
10:29.314,6356
10:29.314,6344
10:29.314,6443
10:29.314,6395
10:29.314,6418
10:29.314,6598
10:29.314,6680
10:29.314,6651
10:29.314,6783
10:29.314,6784
10:29.314,7017
10:29.314,7009
10:29.314,7048
10:29.314,7297
10:29.314,7437
10:29.314,7571
10:29.314,7699
10:29.314,7718
10:29.314,7888
10:29.314,8122
10:29.314,8247
10:29.314,8418
10:29.314,8496
10:29.314,8670
10:29.314,8853
10:29.314,8976
10:29.314,9227
10:29.314,9462
10:29.314,9567
10:29.314,9686
10:29.314,9936
10:29.314,10065
10:29.314,10263
10:29.314,10360
10:29.314,10470
10:29.314,10631
10:29.314,10892
10:29.314,11032
10:29.314,11227
10:29.314,11329
10:29.314,11526
10:29.314,11606
10:29.314,11714
10:29.314,11841
10:29.314,11875
10:29.314,12156
10:29.314,12252
10:29.314,12359
10:29.314,12427
10:29.314,12637
10:29.314,12671
10:29.314,12854
10:29.314,12948
10:29.314,13094
10:29.314,13268
10:29.314,13403
10:29.314,13479
10:29.314,13734
10:29.314,13972
10:29.314,14246
10:29.314,14412
10:29.314,14695
10:29.314,14837
10:29.314,14967
10:29.314,15129
10:29.314,15187
10:29.314,15243
10:29.314,15236
10:29.314,15294
10:29.314,15287
10:29.314,15263
10:29.314,15303
10:29.314,15234
10:29.314,15256
10:29.314,15182
10:29.314,15167
10:29.314,15103
10:29.314,15033
10:29.314,14970
10:29.314,14913
10:29.314,14802
10:29.314,14655
10:29.314,14439
10:29.314,14328
10:29.314,14232
10:29.314,14180
10:29.314,14000
10:29.314,13795
10:29.314,13739
10:29.314,13615
10:29.314,13551
10:29.314,13371
10:29.314,13240
10:29.314,13173
10:29.314,13067
10:29.314,12912
10:29.314,12765
10:29.314,12633
10:29.314,12536
10:29.314,12320
10:29.314,12145
10:29.314,12027
10:29.315,11894
10:29.315,11764
10:29.315,11701
10:29.315,11572
10:29.315,11479
10:29.315,11224
10:29.315,11115
10:29.315,10853
10:29.315,10746
10:29.315,10559
10:29.315,10605
10:29.315,10246
10:29.315,10088
10:29.315,9936
10:29.315,9315
10:29.315,9063
10:29.315,8915
10:29.315,8777
10:29.315,8491
10:29.315,8314
10:29.315,8179
10:29.315,7914
10:29.315,7737
10:29.315,7672
10:29.315,7585
10:29.315,7559
10:29.315,7416
10:29.315,7297
10:29.315,7138
10:29.315,7085
10:29.315,6998
10:29.315,6883
10:29.315,6877
10:29.315,6775
10:29.315,6624
10:29.315,6627
10:29.315,6467
10:29.315,6442
10:29.315,6423
10:29.315,6376
10:29.315,6303
10:29.315,6353
10:29.315,6315
10:29.315,6305
10:29.315,6289
10:29.315,6275
10:29.315,6347
10:29.315,6267
10:29.315,6321
10:29.315,6320
10:29.315,6408
10:29.315,6451
10:29.315,6455
10:29.315,6504
10:29.315,6554
10:29.315,6578
10:29.315,6668
10:29.315,6738
10:29.315,6855
10:29.315,6882
10:29.315,6959
10:29.315,7077
10:29.315,7221
10:29.315,7415
10:29.315,7428
10:29.315,7554
10:29.315,7649
10:29.315,7779
10:29.315,7917
10:29.315,8038
10:29.315,8161
10:29.315,8259
10:29.315,8372
10:29.315,8583
10:29.315,8636
10:29.315,8880
10:29.315,9029
10:29.315,9104
10:29.315,9217
10:29.315,9401
10:29.315,9631
10:29.315,9701
10:29.315,9933
10:29.315,10011
10:29.315,10236
10:29.315,10306
10:29.315,10552
10:29.315,10908
10:29.315,11027
10:29.315,11231
10:29.315,11304
10:29.315,11526
10:29.315,11659
10:29.315,11701
10:29.315,11772
10:29.315,11880
10:29.315,11931
10:29.315,12173
10:29.315,12222
10:29.315,12271
10:29.315,12532
10:29.315,12594
10:29.315,12735
10:29.315,12825
10:29.315,12988
10:29.315,13147
10:29.315,13298
10:29.315,13341
10:29.315,13443
10:29.315,13591
10:29.315,13756
10:29.315,14003
10:29.315,14247
10:29.315,14480
10:29.315,14623
10:29.315,14879
10:29.315,15023
10:29.315,15154
10:29.315,15234
10:29.315,15263
10:29.315,15275
10:29.315,15283
10:29.315,15257
10:29.315,15240
10:29.315,15236
10:29.315,15188
10:29.315,15138
10:29.315,15121
10:29.315,15062
10:29.315,14952
10:29.315,14900
10:29.315,14772
10:29.315,14816
10:29.315,14658
10:29.315,14575
10:29.315,14568
10:29.315,14372
10:29.315,14161
10:29.315,13978
10:29.315,13856
10:29.315,13752
10:29.315,13631
10:29.315,13540
10:29.315,13347
10:29.315,13204
10:29.315,13064
10:29.315,12887
10:29.315,12762
10:29.315,12570
10:29.315,12569
10:29.315,12405
10:29.315,12205
10:29.315,12136
10:29.315,11961
10:29.316,11940
10:29.316,11845
10:29.316,11707
10:29.316,11617
10:29.316,11437
10:29.316,11223
10:29.316,11088
10:29.316,10835
10:29.316,10570
10:29.316,10224
10:29.316,10010
10:29.316,9890
10:29.316,9782
10:29.316,9610
10:29.316,9416
10:29.316,9233
10:29.316,9150
10:29.316,8981
10:29.316,8847
10:29.316,8561
10:29.316,8438
10:29.316,8335
10:29.316,8129
10:29.316,8031
10:29.316,7895
10:29.316,7818
10:29.316,7629
10:29.316,7535
10:29.316,7350
10:29.316,7196
10:29.316,7162
10:29.316,7043
10:29.316,6912
10:29.316,6792
10:29.316,6705
10:29.316,6599
10:29.316,6589
10:29.316,6560
10:29.316,6455
10:29.316,6481
10:29.316,6299
10:29.316,6379
10:29.316,6244
10:29.316,6307
10:29.316,6327
10:29.316,6336
10:29.316,6329
10:29.316,6300
10:29.316,6348
10:29.316,6383
10:29.316,6408
10:29.316,6358
10:29.316,6418
10:29.316,6498
10:29.316,6523
10:29.316,6684
10:29.316,6692
10:29.316,6729
10:29.316,6839
10:29.316,6940
10:29.316,6933
10:29.316,7189
10:29.316,7379
10:29.316,7411
10:29.316,7575
10:29.316,7661
10:29.316,7769
10:29.316,7859
10:29.316,7999
10:29.316,8246
10:29.316,8448
10:29.316,8578
10:29.316,8705
10:29.316,8844
10:29.316,9049
10:29.316,9143
10:29.316,9234
10:29.316,9418
10:29.316,9606
10:29.316,9878
10:29.316,10010
10:29.316,10200
10:29.316,10461
10:29.316,10510
10:29.316,10721
10:29.316,10807
10:29.316,10985
10:29.316,11257
10:29.316,11335
10:29.316,11518
10:29.316,11661
10:29.316,11715
10:29.316,11785
10:29.316,11892
10:29.316,11968
10:29.316,12123
10:29.316,12145
10:29.316,12351
10:29.316,12493
10:29.316,12576
10:29.316,12670
10:29.316,12930
10:29.316,13169
10:29.316,13266
10:29.316,13397
10:29.316,13468
10:29.316,13632
10:29.316,13755
10:29.316,13850
10:29.316,14033
10:29.316,14240
10:29.316,14486
10:29.316,14540
10:29.316,14695
10:29.316,14788
10:29.316,14968
10:29.316,15113
10:29.316,15174
10:29.316,15212
10:29.316,15296
10:29.316,15286
10:29.316,15289
10:29.316,15263
10:29.316,15242
10:29.316,15237
10:29.316,15168
10:29.316,15139
10:29.316,15028
10:29.316,14921
10:29.316,14887
10:29.316,14771
10:29.316,14739
10:29.316,14631
10:29.316,14585
10:29.316,14415
10:29.316,14266
10:29.316,14107
10:29.316,14013
10:29.316,13940
10:29.316,13844
10:29.316,13733
10:29.316,13619
10:29.316,13461
10:29.316,13247
10:29.316,13163
10:29.316,13035
10:29.316,12868
10:29.316,12716
10:29.316,12626
10:29.316,11938
10:29.316,11943
10:29.317,11813
10:29.317,11635
10:29.317,11570
10:29.317,11483
10:29.317,11360
10:29.317,11180
10:29.317,11011
10:29.317,10895
10:29.317,10499
10:29.317,10394
10:29.317,10211
10:29.317,10092
10:29.317,9943
10:29.317,9741
10:29.317,9562
10:29.317,9439
10:29.317,9267
10:29.317,9145
10:29.317,9032
10:29.317,8923
10:29.317,8677
10:29.317,8571
10:29.317,8467
10:29.317,8251
10:29.317,8167
10:29.317,7968
10:29.317,7769
10:29.317,7586
10:29.317,7539
10:29.317,7440
10:29.317,7341
10:29.317,7225
10:29.317,7195
10:29.317,7031
10:29.317,7017
10:29.317,6885
10:29.317,6748
10:29.317,6699
10:29.317,6630
10:29.317,6523
10:29.317,6415
10:29.317,6393
10:29.317,6371
10:29.317,6387
10:29.317,6285
10:29.317,6279
10:29.317,6242
10:29.317,6243
10:29.317,6272
10:29.317,6243
10:29.317,6264
10:29.317,6283
10:29.317,6238
10:29.317,6307
10:29.317,6315
10:29.317,6345
10:29.317,6371
10:29.317,6425
10:29.317,6514
10:29.317,6615
10:29.317,6675
10:29.317,6708
10:29.317,6781
10:29.317,6887
10:29.317,6947
10:29.317,7001
10:29.317,7114
10:29.317,7154
10:29.317,7293
10:29.317,7408
10:29.317,7589
10:29.317,7821
10:29.317,7841
10:29.317,7968
10:29.317,8069
10:29.317,8218
10:29.317,8404
10:29.317,8481
10:29.317,8681
10:29.317,8772
10:29.317,8932
10:29.317,9143
10:29.317,9265
10:29.317,9440
10:29.317,9633
10:29.317,9717
10:29.317,9855
10:29.317,10052
10:29.317,10262
10:29.317,10256
10:29.317,10476
10:29.317,10698
10:29.317,10791
10:29.317,11004
10:29.317,11198
10:29.317,11357
