195.07,-666
195.34,-666
195.61,-666
195.88,3
196.15,-128
196.42,-97
196.69,-104
196.96,-99
197.23,-92
197.5,-104
197.77,-97
198.04,-130
198.31,-114
198.58,-95
198.85,-87
199.12,-139
199.39,-124
199.66,-116
199.93,-118
200.2,-119
200.47,-108
200.74,-111
201.01,-97
201.28,-151
201.55,-111
201.82,-113
202.09,-82
202.36,-108
202.62,-102
202.89,-103
203.16,-134
203.43,-141
203.7,-97
203.97,-117
204.24,-129
204.51,-122
204.78,-81
205.05,-145
205.32,-118
205.59,-70
205.86,-109
206.13,-129
206.4,-133
206.67,-98
206.94,-84
207.21,-92
207.48,-128
207.75,-115
208.02,-99
208.29,-137
208.56,-123
208.83,-116
209.1,-116
209.37,-136
209.64,-133
209.91,-120
210.18,-115
210.45,-102
210.72,-88
210.99,-133
211.26,-102
211.53,-114
211.8,-122
212.07,-103
212.34,-115
212.61,-135
212.88,-122
213.14,-117
213.41,-104
213.68,-128
213.95,-130
214.22,-132
214.49,-97
214.76,-116
215.03,-94
215.3,-106
215.57,-129
215.84,-166
216.11,-127
216.38,-140
216.65,-99
216.92,-135
217.19,-128
217.46,-141
217.73,-124
218,-113
218.27,-103
218.54,-125
218.8,-119
219.07,-108
219.34,-124
219.61,-98
219.88,-135
220.15,-107
220.42,-152
220.69,-131
220.96,-136
221.23,-95
221.5,-127
221.77,-127
222.04,-127
222.31,-117
222.58,-92
222.85,-108
223.12,-125
223.38,-105
223.65,-114
223.92,-129
224.19,-114
224.46,-119
224.73,-132
225,-112
225.27,-125
225.54,-117
225.81,-106
226.08,-95
226.35,-78
226.62,-114
226.89,-135
227.15,-119
227.42,-121
227.69,-122
227.96,-127
228.23,-109
228.5,-135
228.77,-98
229.04,-112
229.31,-156
229.58,-118
229.85,-112
230.12,-101
230.38,-93
230.65,-98
230.92,-117
231.19,-120
231.46,-122
231.73,-127
232,-101
232.27,-122
232.54,-120
232.81,-134
233.08,-72
233.35,-114
233.61,-111
233.88,-97
234.15,-100
234.42,-115
234.69,-133
234.96,-131
235.23,-120
235.5,-84
235.77,-85
236.04,-121
236.3,-103
236.57,-117
236.84,-98
237.11,-144
237.38,-109
237.65,-127
237.92,-115
238.19,-89
238.46,-99
238.73,-80
238.99,-100
239.26,-108
239.53,-81
239.8,-89
240.07,-131
240.34,-109
240.61,-119
240.88,-96
241.15,-91
241.41,-99
241.68,-109
241.95,-114
242.22,-113
242.49,-118
242.76,-103
243.03,-117
243.3,-143
243.56,-127
243.83,-117
244.1,-88
244.37,-92
244.64,-55
244.91,-78
245.18,-134
245.45,-105
245.71,-82
245.98,-114
246.25,-127
246.52,-128
246.79,-120
247.06,-109
247.33,-102
247.6,-145
247.86,-110
248.13,-101
248.4,-96
248.67,-119
248.94,-137
249.21,-97
249.48,-114
249.75,-123
250.01,-110
250.28,-103
250.55,-155
250.82,-113
251.09,-144
251.36,-79
251.63,-90
251.89,-116
252.16,-122
252.43,-103
252.7,-124
252.97,-108
253.24,-102
253.51,-133
253.77,-113
254.04,-99
254.31,-92
254.58,-122
254.85,-122
255.12,-115
255.38,-93
255.65,-125
255.92,-119
256.19,-90
256.46,-109
256.73,-125
257,-100
257.26,-113
257.53,-115
257.8,-114
258.07,-146
258.34,-117
258.61,-124
258.87,-140
259.14,-105
259.41,-116
259.68,-102
259.95,-122
260.22,-117
260.48,-94
260.75,-129
261.02,-145
261.29,-115
261.56,-117
261.83,-110
262.09,-128
262.36,-117
262.63,-96
262.9,-105
263.17,-123
263.44,-116
263.7,-113
263.97,-115
264.24,-100
264.51,-102
264.78,-111
265.05,-104
265.31,-94
265.58,-128
265.85,-98
266.12,-116
266.39,-106
266.65,-127
266.92,-73
267.19,-120
267.46,-119
267.73,-100
268,-120
268.26,-101
268.53,-101
268.8,-80
269.07,-113
269.34,-119
269.6,-93
269.87,-141
270.14,-116
270.41,-113
270.68,-134
270.94,-128
271.21,-89
271.48,-84
271.75,-137
272.02,-124
272.28,-125
272.55,-122
272.82,-131
273.09,-101
273.36,-108
273.62,-109
273.89,-79
274.16,-85
274.43,-95
274.7,-84
274.96,-115
275.23,-98
275.5,-113
275.77,-108
276.04,-110
276.3,-94
276.57,-108
276.84,-118
277.11,-119
277.38,-64
277.64,-114
277.91,-88
278.18,-129
278.45,-133
278.71,-117
278.98,-98
279.25,-114
279.52,-128
279.79,-82
280.05,-114
280.32,-111
280.59,-139
280.86,-88
281.13,-102
281.39,-149
281.66,-87
281.93,-96
282.2,-126
282.46,-97
282.73,-93
283,-80
283.27,-118
283.53,-80
283.8,-117
284.07,-102
284.34,-97
284.61,-94
284.87,-107
285.14,-93
285.41,-87
285.68,-106
285.94,-103
286.21,-106
286.48,-64
286.75,-111
287.01,-89
287.28,-87
287.55,-118
287.82,-108
288.08,-135
288.35,-130
288.62,-90
288.89,-105
289.16,-111
289.42,-90
289.69,-92
289.96,-98
290.23,-121
290.49,-99
290.76,-82
291.03,-114
291.3,-105
291.56,-108
291.83,-100
292.1,-128
292.37,-116
292.63,-96
292.9,-133
293.17,-119
293.44,-114
293.7,-105
293.97,-115
294.24,-94
294.5,-130
294.77,-95
295.04,-88
295.31,-104
295.57,-103
295.84,-98
296.11,-98
296.38,-131
296.64,-118
296.91,-99
297.18,-133
297.45,-99
297.71,-92
297.98,-106
298.25,-121
298.52,-66
298.78,-75
299.05,-91
299.32,-71
299.58,-91
299.85,-82
300.12,-105
300.39,-126
300.65,-125
300.92,-94
301.19,-79
301.46,-105
301.72,-107
301.99,-112
302.26,-92
302.52,-91
302.79,-98
303.06,-61
303.33,-98
303.59,-102
303.86,-101
304.13,-88
304.39,-72
304.66,-79
304.93,-129
305.2,-95
305.46,-72
305.73,-91
306,-59
306.26,-98
306.53,-93
306.8,-105
307.06,-100
307.33,-91
307.6,-112
307.87,-114
308.13,-117
308.4,-101
308.67,-73
308.93,-93
309.2,-121
309.47,-109
309.74,-102
310,-118
310.27,-118
310.54,-109
310.8,-75
311.07,-96
311.34,-103
311.6,-135
311.87,-98
312.14,-105
312.4,-109
312.67,-116
312.94,-96
313.21,-109
313.47,-102
313.74,-98
314.01,-84
314.27,-80
314.54,-107
314.81,-92
315.07,-129
315.34,-114
315.61,-97
315.87,-105
316.14,-101
316.41,-81
316.67,-76
316.94,-121
317.21,-114
317.47,-69
317.74,-121
318.01,-108
318.27,-90
318.54,-109
318.81,-112
319.08,-112
319.34,-124
319.61,-78
319.88,-139
320.14,-102
320.41,-84
320.68,-104
320.94,-114
321.21,-98
321.48,-115
321.74,-118
322.01,-102
322.28,-140
322.54,-84
322.81,-102
323.08,-114
323.34,-86
323.61,-74
323.88,-119
324.14,-111
324.41,-87
324.67,-108
324.94,-91
325.21,-118
325.47,-80
325.74,-122
326.01,-91
326.27,-130
326.54,-109
326.81,-74
327.07,-89
327.34,-96
327.61,-96
327.87,-85
328.14,-112
328.41,-126
328.67,-112
328.94,-150
329.21,-100
329.47,-110
329.74,-122
330,-160
330.27,-135
330.54,-76
330.8,-111
331.07,-94
331.34,-103
331.6,-97
331.87,-95
332.14,-79
332.4,-118
332.67,-88
332.93,-99
333.2,-92
333.47,-132
333.73,-109
334,-106
334.27,-109
334.53,-150
334.8,-91
335.07,-106
335.33,-128
335.6,-101
335.86,-82
336.13,-101
336.4,-69
336.66,-99
336.93,-124
337.2,-98
337.46,-88
337.73,-100
337.99,-126
338.26,-106
338.53,-132
338.79,-119
339.06,-119
339.32,-78
339.59,-87
339.86,-109
340.12,-110
340.39,-84
340.66,-108
340.92,-122
341.19,-112
341.45,-100
341.72,-98
341.99,-103
342.25,-80
342.52,-92
342.78,-85
343.05,-118
343.32,-108
343.58,-85
343.85,-69
344.11,-97
344.38,-114
344.65,-121
344.91,-120
345.18,-96
345.44,-127
345.71,-136
345.98,-96
346.24,-109
346.51,-121
346.77,-90
347.04,-80
347.31,-111
347.57,-110
347.84,-86
348.1,-139
348.37,-124
348.64,-97
348.9,-111
349.17,-113
349.43,-110
349.7,-98
349.96,-158
350.23,-141
350.5,-123
350.76,-134
351.03,-83
351.29,-107
351.56,-90
351.83,-114
352.09,-92
352.36,-94
352.62,-113
352.89,-111
353.15,-89
353.42,-108
353.69,-124
353.95,-124
354.22,-80
354.48,-154
354.75,-124
355.01,-115
355.28,-97
355.55,-94
355.81,-77
356.08,-86
356.34,-104
356.61,-94
356.87,-95
357.14,-86
357.41,-105
357.67,-90
357.94,-85
358.2,-99
358.47,-124
358.73,-120
359,-121
359.26,-131
359.53,-110
359.8,-101
360.06,-115
360.33,-107
360.59,-90
360.86,-123
361.12,-125
361.39,-117
361.65,-84
361.92,-98
362.19,-130
362.45,-129
362.72,-138
362.98,-86
363.25,-106
363.51,-106
363.78,-110
364.04,-97
364.31,-133
364.57,-101
364.84,-79
365.11,-114
365.37,-89
365.64,-71
365.9,-96
366.17,-99
366.43,-78
366.7,-91
366.96,-134
367.23,-145
367.49,-108
367.76,-80
368.02,-108
368.29,-116
368.56,-107
368.82,-90
369.09,-97
369.35,-88
369.62,-114
369.88,-123
370.15,-83
370.41,-102
370.68,-118
370.94,-113
371.21,-104
371.47,-112
371.74,-97
372,-102
372.27,-95
372.53,-98
372.8,-74
373.06,-118
373.33,-121
373.6,-65
373.86,-111
374.13,-139
374.39,-80
374.66,-113
374.92,-107
375.19,-95
375.45,-109
375.72,-107
375.98,-125
376.25,-99
376.51,-114
376.78,-108
377.04,-104
377.31,-79
377.57,-117
377.84,-114
378.1,-144
378.37,-70
378.63,-117
378.9,-96
379.16,-80
379.43,-80
379.69,-91
379.96,-98
380.22,-113
380.49,-115
380.75,-131
381.02,-121
381.28,-85
381.55,-115
381.81,-139
382.08,-140
382.34,-128
382.61,-89
382.87,-108
383.14,-116
383.4,-111
383.67,-94
383.93,-80
384.2,-73
384.46,-109
384.73,-110
384.99,-94
385.26,-120
385.52,-99
385.78,-125
386.05,-97
386.31,-104
386.58,-93
386.84,-106
387.11,-95
387.37,-76
387.64,-108
387.9,-80
388.17,-96
388.43,-101
388.7,-132
388.96,-130
389.23,-124
389.49,-114
389.76,-99
390.02,-94
390.29,-115
390.55,-115
390.81,-111
391.08,-113
391.34,-112
391.61,-99
391.87,-130
392.14,-134
392.4,-122
392.67,-111
392.93,-102
393.2,-122
393.46,-123
393.73,-98
393.99,-82
394.25,-95
394.52,-125
394.78,-91
395.05,-109
395.31,-109
395.58,-102
395.84,-98
396.11,-98
396.37,-110
396.64,-132
396.9,-127
397.16,-91
397.43,-109
397.69,-134
397.96,-100
398.22,-102
398.49,-100
398.75,-105
399.02,-156
399.28,-96
399.54,-109
399.81,-117
400.07,-121
400.34,-126
400.6,-117
400.87,-80
401.13,-96
401.4,-88
401.66,-74
401.92,-103
402.19,-92
402.45,-107
402.72,-102
402.98,-112
403.25,-119
403.51,-113
403.77,-85
404.04,-105
404.3,-106
404.57,-95
404.83,-143
405.1,-91
405.36,-96
405.62,-97
405.89,-70
406.15,-96
406.42,-84
406.68,-114
406.94,-99
407.21,-120
407.47,-114
407.74,-92
408,-144
408.27,-104
408.53,-92
408.79,-118
409.06,-136
409.32,-69
409.59,-84
409.85,-101
410.11,-84
410.38,-102
410.64,-94
410.91,-103
411.17,-117
411.44,-119
411.7,-138
411.96,-87
412.23,-131
412.49,-85
412.76,-95
413.02,-104
413.28,-114
413.55,-92
413.81,-117
414.08,-120
414.34,-93
414.6,-92
414.87,-109
415.13,-124
415.4,-98
415.66,-119
415.92,-122
416.19,-93
416.45,-131
416.71,-110
416.98,-115
417.24,-134
417.51,-117
417.77,-84
418.03,-103
418.3,-116
418.56,-100
418.83,-108
419.09,-121
419.35,-80
419.62,-111
419.88,-118
420.14,-117
420.41,-107
420.67,-145
420.94,-129
421.2,-100
421.46,-89
421.73,-59
421.99,-85
422.25,-87
422.52,-89
422.78,-91
423.05,-105
423.31,-98
423.57,-72
423.84,-110
424.1,-111
424.36,-122
424.63,-124
424.89,-94
425.16,-103
425.42,-130
425.68,-133
425.95,-111
426.21,-103
426.47,-117
426.74,-96
427,-146
427.26,-120
427.53,-90
427.79,-135
428.06,-119
428.32,-115
428.58,-113
428.85,-134
429.11,-114
429.37,-92
429.64,-100
429.9,-108
430.16,-106
430.43,-103
430.69,-108
430.95,-83
431.22,-84
431.48,-118
431.74,-121
432.01,-96
432.27,-103
432.53,-126
432.8,-117
433.06,-89
433.32,-127
433.59,-86
433.85,-64
434.11,-102
434.38,-135
434.64,-102
434.9,-121
435.17,-92
435.43,-111
435.69,-91
435.96,-118
436.22,-130
436.48,-89
436.75,-95
437.01,-85
437.27,-107
437.54,-92
437.8,-73
438.06,-93
438.33,-117
438.59,-127
438.85,-90
439.12,-99
439.38,-126
439.64,-87
439.91,-63
440.17,-85
440.43,-76
440.7,-105
440.96,-70
441.22,-99
441.49,-88
441.75,-86
442.01,-79
442.28,-113
442.54,-91
442.8,-79
443.07,-84
443.33,-60
443.59,-77
443.85,-98
444.12,-77
444.38,-105
444.64,-69
444.91,-50
445.17,-70
445.43,-75
445.7,-65
445.96,-74
446.22,-63
446.48,-80
446.75,-51
447.01,-92
447.27,-45
447.54,-53
447.8,-70
448.06,-53
448.33,-27
448.59,-10
448.85,-1
449.11,-14
449.38,11
449.64,-25
449.9,-28
450.17,-11
450.43,8
450.69,-4
450.95,10
451.22,-3
451.48,25
451.74,6
452.01,-1
452.27,12
452.53,38
452.79,43
453.06,54
453.32,71
453.58,91
453.85,73
454.11,121
454.37,115
454.63,125
454.9,113
455.16,108
455.42,107
455.69,126
455.95,191
456.21,146
456.47,154
456.74,186
457,188
457.26,192
457.52,186
457.79,197
458.05,212
458.31,219
458.57,202
458.84,217
459.1,202
459.36,267
459.63,215
459.89,242
460.15,199
460.41,246
460.68,267
460.94,279
461.2,272
461.46,248
461.73,219
461.99,224
462.25,228
462.51,267
462.78,262
463.04,310
463.3,275
463.56,269
463.83,295
464.09,268
464.35,280
464.61,290
464.88,281
465.14,272
465.4,271
465.66,333
465.93,304
466.19,346
466.45,286
466.71,344
466.97,330
467.24,349
467.5,354
467.76,367
468.02,369
468.29,362
468.55,398
468.81,397
469.07,431
469.34,396
469.6,398
469.86,425
470.12,456
470.39,453
470.65,467
470.91,503
471.17,506
471.43,505
471.7,501
471.96,533
472.22,576
472.48,570
472.75,536
473.01,594
473.27,581
473.53,649
473.79,658
474.06,668
474.32,662
474.58,678
474.84,703
475.1,710
475.37,726
475.63,728
475.89,731
476.15,781
476.42,780
476.68,770
476.94,820
477.2,823
477.46,835
477.73,798
477.99,776
478.25,833
478.51,824
478.77,838
479.04,871
479.3,887
479.56,894
479.82,872
480.08,898
480.35,896
480.61,913
480.87,938
481.13,976
481.39,959
481.66,954
481.92,978
482.18,994
482.44,1057
482.7,1033
482.96,1063
483.23,1062
483.49,1151
483.75,1131
484.01,1108
484.27,1147
484.54,1218
484.8,1256
485.06,1258
485.32,1237
485.58,1272
485.85,1295
486.11,1341
486.37,1344
486.63,1381
486.89,1401
487.15,1457
487.42,1417
487.68,1466
487.94,1506
488.2,1520
488.46,1540
488.72,1562
488.99,1618
489.25,1616
489.51,1655
489.77,1748
490.03,1717
490.29,1755
490.56,1775
490.82,1818
491.08,1872
491.34,1856
491.6,1937
491.86,1974
492.13,1993
492.39,2004
492.65,2038
492.91,2053
493.17,2103
493.43,2101
493.7,2074
493.96,2196
494.22,2162
494.48,2216
494.74,2221
495,2213
495.26,2295
495.53,2345
495.79,2329
496.05,2346
496.31,2423
496.57,2436
496.83,2500
497.09,2507
497.36,2506
497.62,2537
497.88,2588
498.14,2650
498.4,2693
498.66,2712
498.92,2738
499.19,2715
499.45,2768
499.71,2778
499.97,2846
500.23,2875
500.49,2869
500.75,2968
501.02,3015
501.28,3010
501.54,3032
501.8,3091
502.06,3101
502.32,3155
502.58,3182
502.84,3225
503.11,3227
503.37,3289
503.63,3294
503.89,3356
504.15,3373
504.41,3347
504.67,3408
504.93,3483
505.2,3537
505.46,3561
505.72,3581
505.98,3604
506.24,3584
506.5,3641
506.76,3724
507.02,3751
507.28,3792
507.55,3839
507.81,3853
508.07,3883
508.33,3926
508.59,3977
508.85,3950
509.11,3992
509.37,4040
509.63,4066
509.9,4089
510.16,4080
510.42,4149
510.68,4174
510.94,4206
511.2,4179
511.46,4301
511.72,4274
511.98,4318
512.24,4338
512.51,4368
512.77,4399
513.03,4421
513.29,4499
513.55,4519
513.81,4558
514.07,4515
514.33,4533
514.59,4634
514.85,4587
515.11,4667
515.38,4760
515.64,4703
515.9,4737
516.16,4843
516.42,4759
516.68,4802
516.94,4820
517.2,4865
517.46,4849
517.72,4952
517.98,4976
518.24,5071
518.51,5029
518.77,4995
519.03,5078
519.29,5089
519.55,5110
519.81,5189
520.07,5184
520.33,5214
520.59,5258
520.85,5338
521.11,5307
521.37,5297
521.63,5346
521.89,5387
522.16,5321
522.42,5432
522.68,5369
522.94,5418
523.2,5413
523.46,5391
523.72,5436
523.98,5461
524.24,5455
524.5,5495
524.76,5550
525.02,5491
525.28,5586
525.54,5626
525.8,5597
526.06,5604
526.33,5633
526.59,5670
526.85,5711
527.11,5668
527.37,5648
527.63,5683
527.89,5709
528.15,5756
528.41,5749
528.67,5764
528.93,5702
529.19,5803
529.45,5747
529.71,5903
529.97,5808
530.23,5872
530.49,5862
530.75,5884
531.01,5834
531.27,5985
531.53,5902
531.79,5960
532.05,5942
532.31,5962
532.58,5893
532.84,6019
533.1,6042
533.36,6043
533.62,6018
533.88,6018
534.14,5986
534.4,6077
534.66,6101
534.92,6073
535.18,6050
535.44,6146
535.7,6126
535.96,6147
536.22,6151
536.48,6136
536.74,6147
537,6185
537.26,6170
537.52,6194
537.78,6210
538.04,6235
538.3,6211
538.56,6258
538.82,6251
539.08,6281
539.34,6320
539.6,6335
539.86,6390
540.12,6317
540.38,6352
540.64,6460
540.9,6316
541.16,6392
541.42,6330
541.68,6368
541.94,6367
542.2,6391
542.46,6374
542.72,6464
542.98,6431
543.24,6459
543.5,6512
543.76,6514
544.02,6456
544.28,6453
544.54,6510
544.8,6487
545.06,6507
545.32,6540
545.58,6546
545.84,6575
546.1,6536
546.36,6584
546.62,6653
546.88,6622
547.14,6617
547.4,6654
547.66,6651
547.92,6576
548.18,6660
548.44,6674
548.7,6700
548.96,6715
549.22,6700
549.48,6759
549.74,6700
550,6692
550.26,6680
550.52,6810
550.78,6743
551.04,6799
551.3,6859
551.56,6824
551.82,6708
552.08,6866
552.34,6831
552.6,6761
552.85,6832
553.11,6876
553.37,6926
553.63,6813
553.89,6801
554.15,6812
554.41,6943
554.67,6857
554.93,6948
555.19,6914
555.45,6984
555.71,6973
555.97,6905
556.23,6904
556.49,6952
556.75,6929
557.01,6956
557.27,6945
557.53,6966
557.79,7012
558.05,6949
558.31,7020
558.57,7026
558.83,7000
559.08,7076
559.34,7019
559.6,7088
559.86,7043
560.12,7010
560.38,7101
560.64,7006
560.9,7096
561.16,7135
561.42,7078
561.68,7014
561.94,7132
562.2,7113
562.46,7090
562.72,7034
562.98,7097
563.23,7096
563.49,7078
563.75,7026
564.01,7039
564.27,7113
564.53,7133
564.79,7179
565.05,7157
565.31,7118
565.57,7079
565.83,7139
566.09,7106
566.35,7147
566.61,7221
566.86,7065
567.12,7137
567.38,7140
567.64,7171
567.9,7095
568.16,7189
568.42,7132
568.68,7159
568.94,7159
569.2,7101
569.46,7097
569.72,7146
569.97,7148
570.23,7155
570.49,7096
570.75,7096
571.01,7130
571.27,7108
571.53,7058
571.79,7074
572.05,7092
572.31,7107
572.57,7106
572.82,7203
573.08,7195
573.34,7199
573.6,7088
573.86,7063
574.12,7131
574.38,7025
574.64,7108
574.9,7117
575.16,7079
575.41,7085
575.67,7043
575.93,7078
576.19,7059
576.45,7003
576.71,7016
576.97,7055
577.23,7077
577.49,7046
577.74,7054
578,7052
578.26,7009
578.52,7020
578.78,6964
579.04,6976
579.3,6875
579.56,6898
579.81,6939
580.07,6912
580.33,6924
580.59,6948
580.85,7017
581.11,6997
581.37,6976
581.63,6928
581.88,6946
582.14,6940
582.4,6989
582.66,6952
582.92,6862
583.18,6969
583.44,6933
583.7,6884
583.95,6851
584.21,6854
584.47,6893
584.73,6916
584.99,6872
585.25,6903
585.51,6839
585.76,6895
586.02,6915
586.28,6890
586.54,6866
586.8,6877
587.06,6910
587.32,6899
587.57,6780
587.83,6812
588.09,6786
588.35,6815
588.61,6787
588.87,6765
589.13,6754
589.38,6792
589.64,6748
589.9,6783
590.16,6795
590.42,6679
590.68,6681
590.94,6653
591.19,6677
591.45,6713
591.71,6665
591.97,6782
592.23,6825
592.49,6699
592.74,6672
593,6643
593.26,6558
593.52,6644
593.78,6618
594.04,6625
594.29,6640
594.55,6609
594.81,6613
595.07,6561
595.33,6582
595.59,6605
595.84,6582
596.1,6502
596.36,6675
596.62,6581
596.88,6598
597.13,6559
597.39,6569
597.65,6524
597.91,6580
598.17,6566
598.43,6587
598.68,6568
598.94,6517
599.2,6492
599.46,6505
599.72,6527
599.97,6429
600.23,6444
600.49,6529
600.75,6523
601.01,6506
601.27,6511
601.52,6505
601.78,6512
602.04,6527
602.3,6471
602.56,6468
602.81,6516
603.07,6460
603.33,6431
603.59,6429
603.85,6403
604.1,6458
604.36,6428
604.62,6446
604.88,6390
605.14,6399
605.39,6415
605.65,6407
605.91,6369
606.17,6403
606.43,6367
606.68,6358
606.94,6372
607.2,6459
607.46,6423
607.71,6365
607.97,6377
608.23,6424
608.49,6365
608.75,6354
609,6414
609.26,6387
609.52,6281
609.78,6408
610.03,6357
610.29,6383
610.55,6352
610.81,6345
611.07,6394
611.32,6373
611.58,6393
611.84,6296
612.1,6381
612.35,6307
612.61,6302
612.87,6337
613.13,6428
613.39,6332
613.64,6206
613.9,6293
614.16,6365
614.42,6304
614.67,6276
614.93,6341
615.19,6341
615.45,6290
615.7,6297
615.96,6246
616.22,6358
616.48,6336
616.73,6422
616.99,6268
617.25,6321
617.51,6298
617.76,6288
618.02,6350
618.28,6315
618.54,6299
618.79,6278
619.05,6300
619.31,6341
619.57,6317
619.82,6292
620.08,6247
620.34,6277
620.6,6338
620.85,6326
621.11,6189
621.37,6282
621.63,6267
621.88,6237
622.14,6250
622.4,6313
622.66,6262
622.91,6258
623.17,6230
623.43,6258
623.69,6306
623.94,6265
624.2,6278
624.46,6326
624.71,6245
624.97,6236
625.23,6288
625.49,6244
625.74,6306
626,6251
626.26,6281
626.52,6332
626.77,6210
627.03,6241
627.29,6269
627.54,6279
627.8,6282
628.06,6373
628.32,6294
628.57,6255
628.83,6271
629.09,6306
629.34,6260
629.6,6336
629.86,6309
630.12,6304
630.37,6271
630.63,6244
630.89,6215
631.14,6274
631.4,6330
631.66,6270
631.92,6199
632.17,6211
632.43,6272
632.69,6190
632.94,6244
633.2,6202
633.46,6266
633.71,6262
633.97,6256
634.23,6297
634.49,6249
634.74,6308
635,6202
635.26,6283
635.51,6175
635.77,6205
636.03,6182
636.28,6200
636.54,6206
636.8,6236
637.05,6263
637.31,6100
637.57,6099
637.83,6087
638.08,6139
638.34,6119
638.6,6154
638.85,6173
639.11,6089
639.37,6093
639.62,6188
639.88,6116
640.14,6109
640.39,6105
640.65,6086
640.91,6064
641.16,6134
641.42,6065
641.68,6202
641.93,6154
642.19,6161
642.45,6063
642.7,6092
642.96,6097
643.22,6136
643.47,6082
643.73,6098
643.99,6097
644.24,6090
644.5,6033
644.76,6014
645.01,6052
645.27,6011
645.53,6034
645.78,6047
646.04,6037
646.3,6048
646.55,6116
646.81,6048
647.07,6041
647.32,6105
647.58,5969
647.84,6001
648.09,6077
648.35,6006
648.61,6030
648.86,5988
649.12,5952
649.37,6014
649.63,5965
649.89,5953
650.14,6039
650.4,5963
650.66,5930
650.91,5931
651.17,5955
651.43,5916
651.68,5912
651.94,5993
652.2,5898
652.45,5860
652.71,5933
652.96,5829
653.22,5855
653.48,5832
653.73,5912
653.99,5885
654.25,5893
654.5,5792
654.76,5781
655.01,5779
655.27,5906
655.53,5867
655.78,5746
656.04,5800
656.3,5816
656.55,5809
656.81,5760
657.06,5807
657.32,5833
657.58,5881
657.83,5849
658.09,5856
658.35,5841
658.6,5781
658.86,5753
659.11,5839
659.37,5706
659.63,5765
659.88,5698
660.14,5747
660.39,5732
660.65,5610
660.91,5653
661.16,5778
661.42,5669
661.67,5618
661.93,5679
662.19,5653
662.44,5634
662.7,5626
662.95,5687
663.21,5587
663.47,5622
663.72,5604
663.98,5600
664.23,5549
664.49,5602
664.75,5534
665,5508
665.26,5534
665.51,5516
665.77,5539
666.03,5536
666.28,5533
666.54,5468
666.79,5552
667.05,5465
667.31,5466
667.56,5477
667.82,5488
668.07,5446
668.33,5436
668.58,5393
668.84,5377
669.1,5454
669.35,5409
669.61,5456
669.86,5468
670.12,5393
670.37,5434
670.63,5393
670.89,5410
671.14,5359
671.4,5395
671.65,5401
671.91,5344
672.16,5321
672.42,5412
672.68,5354
672.93,5315
673.19,5209
673.44,5222
673.7,5317
673.95,5298
674.21,5236
674.47,5249
674.72,5225
674.98,5186
675.23,5244
675.49,5181
675.74,5183
676,5251
676.25,5142
676.51,5142
676.76,5146
677.02,5160
677.28,5113
677.53,5127
677.79,5152
678.04,5103
678.3,5101
678.55,5057
678.81,5046
679.06,5070
679.32,5071
679.58,5060
679.83,5160
680.09,5009
680.34,5039
680.6,5042
680.85,4961
681.11,4939
681.36,5044
681.62,5010
681.87,5034
682.13,5033
682.38,5055
682.64,5042
682.89,5038
683.15,5001
683.41,4968
683.66,4969
683.92,5029
684.17,4964
684.43,4951
684.68,4967
684.94,4959
685.19,4919
685.45,4896
685.7,4980
685.96,4981
686.21,4893
686.47,4897
686.72,4899
686.98,4961
687.23,4892
687.49,4931
687.74,4908
688,4840
688.25,4848
688.51,4927
688.76,4897
689.02,4974
689.27,4909
689.53,4856
689.78,4871
690.04,4894
690.29,4926
690.55,4899
690.8,4909
691.06,4891
691.31,4957
691.57,4899
691.82,4890
692.08,4840
692.33,4873
692.59,4826
692.84,4847
693.1,4920
693.35,4906
693.61,4973
693.86,5025
694.12,4957
694.37,5018
694.63,5014
694.88,4984
695.14,5039
695.39,5021
695.65,5033
695.9,5046
696.16,5022
696.41,4974
696.67,4952
696.92,4930
697.18,4938
697.43,4892
697.69,4879
697.94,4769
698.2,4802
698.45,4858
698.71,4804
698.96,4760
699.22,4758
699.47,4774
699.72,4731
699.98,4764
700.23,4748
700.49,4739
700.74,4708
701,4805
701.25,4856
701.51,4745
701.76,4723
702.02,4704
702.27,4747
702.53,4741
702.78,4690
703.04,4781
703.29,4779
703.54,4717
703.8,4753
704.05,4764
704.31,4736
704.56,4716
704.82,4669
705.07,4696
705.33,4704
705.58,4706
705.83,4651
706.09,4672
706.34,4732
706.6,4644
706.85,4744
707.11,4720
707.36,4746
707.62,4719
707.87,4737
708.12,4736
708.38,4728
708.63,4767
708.89,4712
709.14,4725
709.4,4755
709.65,4752
709.91,4777
710.16,4767
710.41,4833
710.67,4800
710.92,4768
711.18,4842
711.43,4724
711.69,4790
711.94,4796
712.19,4819
712.45,4769
712.7,4789
712.96,4739
713.21,4807
713.47,4853
713.72,4838
713.97,4918
714.23,4799
714.48,4819
714.74,4811
714.99,4818
715.24,4801
715.5,4775
715.75,4746
716.01,4754
716.26,4702
716.52,4757
716.77,4644
717.02,4685
717.28,4652
717.53,4635
717.79,4607
718.04,4562
718.29,4539
718.55,4550
718.8,4548
719.06,4546
719.31,4426
719.56,4443
719.82,4438
720.07,4438
720.33,4404
720.58,4379
720.83,4368
721.09,4295
721.34,4347
721.6,4262
721.85,4241
722.1,4218
722.36,4137
722.61,4164
722.87,4195
723.12,4171
723.37,4180
723.63,4113
723.88,4030
724.13,4092
724.39,4047
724.64,4064
724.9,4027
725.15,4013
725.4,4054
725.66,4060
725.91,4030
726.17,3989
726.42,3955
726.67,3927
726.93,3992
727.18,3921
727.43,3938
727.69,3964
727.94,3902
728.19,3876
728.45,3898
728.7,3942
728.96,3893
729.21,3857
729.46,3844
729.72,3844
729.97,3832
730.22,3835
730.48,3765
730.73,3781
730.98,3769
731.24,3785
731.49,3742
731.75,3675
732,3678
732.25,3738
732.51,3640
732.76,3612
733.01,3556
733.27,3575
733.52,3581
733.77,3592
734.03,3560
734.28,3530
734.53,3437
734.79,3483
735.04,3452
735.29,3441
735.55,3448
735.8,3440
736.05,3413
736.31,3351
736.56,3363
736.82,3376
737.07,3300
737.32,3280
737.58,3292
737.83,3249
738.08,3229
738.34,3179
738.59,3216
738.84,3228
739.1,3169
739.35,3165
739.6,3196
739.86,3165
740.11,3135
740.36,3084
740.61,3102
740.87,3053
741.12,3061
741.37,3024
741.63,3004
741.88,3050
742.13,3020
742.39,2985
742.64,2957
742.89,2980
743.15,2961
743.4,2878
743.65,2906
743.91,2908
744.16,2890
744.41,2854
744.67,2884
744.92,2872
745.17,2780
745.42,2802
745.68,2783
745.93,2762
746.18,2764
746.44,2765
746.69,2764
746.94,2741
747.2,2705
747.45,2627
747.7,2636
747.95,2627
748.21,2643
748.46,2603
748.71,2635
748.97,2603
749.22,2578
749.47,2567
749.73,2537
749.98,2585
750.23,2483
750.48,2510
750.74,2483
750.99,2445
751.24,2406
751.5,2483
751.75,2444
752,2391
752.25,2400
752.51,2422
752.76,2395
753.01,2384
753.27,2378
753.52,2349
753.77,2375
754.02,2349
754.28,2270
754.53,2343
754.78,2268
755.03,2240
755.29,2223
755.54,2214
755.79,2158
756.05,2175
756.3,2175
756.55,2154
756.8,2134
757.06,2128
757.31,2105
757.56,2094
757.81,2031
758.07,2090
758.32,2092
758.57,2039
758.82,1983
759.08,2004
759.33,1955
759.58,2001
759.83,1947
760.09,1934
760.34,1929
760.59,1948
760.84,1947
761.1,1928
761.35,1913
761.6,1886
761.85,1827
762.11,1868
762.36,1817
762.61,1812
762.86,1816
763.12,1771
763.37,1756
763.62,1801
763.87,1748
764.13,1700
764.38,1743
764.63,1710
764.88,1700
765.14,1703
765.39,1648
765.64,1701
765.89,1628
766.15,1629
766.4,1641
766.65,1573
766.9,1600
767.15,1595
767.41,1640
767.66,1592
767.91,1579
768.16,1506
768.42,1573
768.67,1544
768.92,1537
769.17,1496
769.42,1483
769.68,1506
769.93,1457
770.18,1495
770.43,1470
770.69,1500
770.94,1477
771.19,1427
771.44,1448
771.69,1484
771.95,1445
772.2,1429
772.45,1424
772.7,1355
772.95,1395
773.21,1379
773.46,1377
773.71,1362
773.96,1335
774.21,1317
774.47,1317
774.72,1318
774.97,1363
775.22,1298
775.47,1306
775.73,1244
775.98,1246
776.23,1219
776.48,1264
776.73,1219
776.99,1183
777.24,1201
777.49,1143
777.74,1187
777.99,1213
778.25,1144
778.5,1165
778.75,1124
779,1153
779.25,1146
779.51,1104
779.76,1090
780.01,1111
780.26,1098
780.51,1092
780.76,1071
781.02,1087
781.27,1078
781.52,1016
781.77,1027
782.02,1025
782.27,1046
782.53,1051
782.78,1031
783.03,1032
783.28,1009
783.53,1017
783.78,990
784.04,962
784.29,963
784.54,982
784.79,947
785.04,955
785.29,949
785.55,938
785.8,935
786.05,944
786.3,905
786.55,861
786.8,877
787.06,876
787.31,849
787.56,860
787.81,850
788.06,857
788.31,799
788.56,806
788.82,828
789.07,801
789.32,777
789.57,786
789.82,801
790.07,803
790.32,787
790.58,824
790.83,774
791.08,715
791.33,713
791.58,760
791.83,786
792.08,764
792.34,716
792.59,724
792.84,709
793.09,706
793.34,723
793.59,716
793.84,718
794.1,679
794.35,687
794.6,687
794.85,665
795.1,651
795.35,644
795.6,631
795.85,638
796.1,604
796.36,629
796.61,624
796.86,655
797.11,650
797.36,615
797.61,596
797.86,581
798.11,595
798.37,611
798.62,566
798.87,579
799.12,609
799.37,586
799.62,535
799.87,527
800.12,529
800.37,524
800.63,527
800.88,516
801.13,533
801.38,541
801.63,522
801.88,537
802.13,489
802.38,503
802.63,501
802.88,508
803.13,509
803.39,505
803.64,501
803.89,456
804.14,435
804.39,446
804.64,484
804.89,441
805.14,448
805.39,416
805.64,462
805.89,445
806.15,396
806.4,391
806.65,393
806.9,413
807.15,392
807.4,424
807.65,403
807.9,348
808.15,389
808.4,375
808.65,409
808.9,422
809.15,411
809.41,390
809.66,366
809.91,373
810.16,342
810.41,358
810.66,341
810.91,353
811.16,345
811.41,354
811.66,346
811.91,337
812.16,329
812.41,337
812.66,330
812.91,322
813.17,308
813.42,290
813.67,288
813.92,310
814.17,300
814.42,295
814.67,273
814.92,302
815.17,274
815.42,290
815.67,280
815.92,270
816.17,279
816.42,256
816.67,263
816.92,286
817.17,260
817.42,212
817.67,229
817.92,223
818.17,268
818.42,245
818.68,215
818.93,267
819.18,242
819.43,228
819.68,232
819.93,254
820.18,216
820.43,198
820.68,223
820.93,246
821.18,220
821.43,173
821.68,193
821.93,175
822.18,188
822.43,237
822.68,205
822.93,217
823.18,178
823.43,148
823.68,166
823.93,190
824.18,199
824.43,174
824.68,215
824.93,157
825.18,146
825.43,165
825.68,190
825.93,181
826.18,164
826.43,176
826.68,163
826.93,144
827.18,165
827.43,170
827.68,185
827.93,169
828.18,155
828.43,154
828.68,163
828.93,167
829.18,126
829.43,143
829.68,122
829.93,160
830.18,119
830.43,122
830.68,104
830.93,127
831.18,140
831.43,97
831.68,121
831.93,119
832.18,126
832.43,95
832.68,72
832.93,108
833.18,103
833.43,103
833.68,114
833.93,124
834.18,90
834.43,104
834.68,112
834.93,106
835.18,81
835.43,114
835.68,120
835.93,91
836.18,104
836.43,87
836.68,91
836.93,68
837.18,114
837.43,53
837.67,56
837.92,94
838.17,74
838.42,90
838.67,102
838.92,78
839.17,59
839.42,49
839.67,62
839.92,49
840.17,49
840.42,48
840.67,60
840.92,57
841.17,61
841.42,89
841.67,79
841.92,43
842.17,59
842.42,23
842.67,48
842.92,69
843.16,68
843.41,22
843.66,47
843.91,57
844.16,54
844.41,47
844.66,52
844.91,28
845.16,24
845.41,54
845.66,14
845.91,24
846.16,30
846.41,48
846.66,32
846.9,75
847.15,35
847.4,15
847.65,2
847.9,66
848.15,4
848.4,28
848.65,12
848.9,27
849.15,-18
849.4,23
849.65,40
849.9,32
850.14,28
850.39,17
850.64,32
850.89,32
851.14,-14
851.39,-4
851.64,-18
851.89,-6
852.14,-31
852.39,21
852.64,14
852.88,14
853.13,21
853.38,20
853.63,-10
853.88,4
854.13,-9
854.38,-24
854.63,-7
854.88,-17
855.13,-16
855.37,6
855.62,13
855.87,18
856.12,9
856.37,11
856.62,-25
856.87,-6
857.12,-10
857.37,0
857.61,6
857.86,2
858.11,6
858.36,6
858.61,-8
858.86,-7
859.11,5
859.36,21
859.61,1
859.85,-16
860.1,-23
860.35,-2
860.6,-8
860.85,2
861.1,-46
861.35,-29
861.6,-32
861.84,-30
862.09,-12
862.34,-41
862.59,-9
862.84,-32
863.09,-3
863.34,-11
863.58,-26
863.83,-34
864.08,-29
864.33,-33
864.58,-42
864.83,-47
865.08,-11
865.32,-34
865.57,-16
865.82,-7
866.07,-15
866.32,-37
866.57,-71
866.82,-48
867.06,-73
867.31,-35
867.56,-26
867.81,-40
868.06,-54
868.31,-46
868.56,-54
868.8,-19
869.05,-48
869.3,-12
869.55,-46
869.8,-34
870.05,-65
870.29,-29
870.54,-37
870.79,-38
871.04,-26
871.29,-50
871.54,-32
871.78,-27
872.03,-48
872.28,-51
872.53,-86
872.78,-42
873.03,-61
873.27,-12
873.52,-51
873.77,-50
874.02,-32
874.27,-57
874.52,-52
874.76,-51
875.01,-33
875.26,-58
875.51,-42
875.76,-49
876,-30
876.25,-49
876.5,-49
876.75,-44
877,-35
877.24,-71
877.49,-50
877.74,-69
877.99,-71
878.24,-67
878.49,-86
878.73,-82
878.98,-56
879.23,-79
879.48,-92
879.73,-62
879.97,-59
880.22,-97
880.47,-49
880.72,-48
880.97,-39
881.21,-56
881.46,-67
881.71,-71
881.96,-85
882.21,-78
882.45,-64
882.7,-77
882.95,-81
883.2,-77
883.44,-56
883.69,-80
883.94,-76
884.19,-71
884.44,-79
884.68,-77
884.93,-75
885.18,-52
885.43,-93
885.67,-59
885.92,-52
886.17,-57
886.42,-84
886.67,-72
886.91,-66
887.16,-67
887.41,-91
887.66,-79
887.9,-96
888.15,-64
888.4,-97
888.65,-78
888.89,-67
889.14,-70
889.39,-78
889.64,-99
889.89,-75
890.13,-65
890.38,-61
890.63,-79
890.88,-81
891.12,-60
891.37,-83
891.62,-81
891.87,-98
892.11,-70
892.36,-108
892.61,-78
892.86,-72
893.1,-70
893.35,-76
893.6,-53
893.85,-77
894.09,-105
894.34,-81
894.59,-52
894.84,-64
895.08,-124
895.33,-104
895.58,-91
895.83,-95
896.07,-90
896.32,-91
896.57,-56
896.81,-90
897.06,-74
897.31,-99
897.56,-110
897.8,-59
898.05,-54
898.3,-88
898.55,-74
898.79,-65
899.04,-129
899.29,-82
899.53,-83
899.78,-79
900.03,-86
900.28,-115
900.52,-127
900.77,-73
901.02,-74
901.26,-83
901.51,-87
901.76,-103
902.01,-78
902.25,-64
902.5,-68
902.75,-88
902.99,-95
903.24,-124
903.49,-82
903.74,-85
903.98,-93
904.23,-97
904.48,-103
904.72,-74
904.97,-63
905.22,-101
905.47,-95
905.71,-73
905.96,-59
906.21,-75
906.45,-64
906.7,-88
906.95,-85
907.19,-93
907.44,-95
907.69,-77
907.93,-90
908.18,-53
908.43,-97
908.68,-105
908.92,-86
909.17,-74
909.42,-121
909.66,-69
909.91,-93
910.16,-96
910.4,-86
910.65,-81
910.9,-109
911.14,-99
911.39,-84
911.64,-92
911.88,-115
912.13,-80
912.38,-87
912.62,-57
912.87,-79
913.12,-107
913.36,-122
913.61,-120
913.86,-94
914.1,-88
914.35,-104
914.6,-94
914.84,-76
915.09,-78
915.34,-92
915.58,-115
915.83,-100
916.08,-74
916.32,-85
916.57,-89
916.82,-75
917.06,-82
917.31,-96
917.56,-68
917.8,-84
918.05,-72
918.3,-88
918.54,-86
918.79,-102
919.03,-81
919.28,-89
919.53,-92
919.77,-89
920.02,-84
920.27,-79
920.51,-72
920.76,-101
921.01,-117
921.25,-94
921.5,-74
921.74,-93
921.99,-74
922.24,-112
922.48,-112
922.73,-96
922.98,-71
923.22,-96
923.47,-88
923.72,-100
923.96,-80
924.21,-118
924.45,-51
924.7,-104
924.95,-103
925.19,-124
925.44,-74
925.68,-79
925.93,-105
926.18,-133
926.42,-69
926.67,-77
926.92,-88
927.16,-63
927.41,-92
927.65,-103
927.9,-85
928.15,-91
928.39,-116
928.64,-88
928.88,-86
929.13,-109
929.38,-135
929.62,-87
929.87,-98
930.11,-105
930.36,-96
930.61,-101
930.85,-69
931.1,-76
931.34,-77
931.59,-105
931.84,-80
932.08,-108
932.33,-72
932.57,-81
932.82,-94
933.07,-108
933.31,-55
933.56,-89
933.8,-100
934.05,-119
934.29,-115
934.54,-90
934.79,-79
935.03,-96
935.28,-62
935.52,-130
935.77,-92
936.02,-70
936.26,-107
936.51,-98
936.75,-94
937,-78
937.24,-82
937.49,-116
937.74,-114
937.98,-84
938.23,-78
938.47,-100
938.72,-95
938.96,-70
939.21,-100
939.46,-98
939.7,-113
939.95,-87
940.19,-99
940.44,-117
940.68,-109
940.93,-131
941.17,-89
941.42,-108
941.67,-108
941.91,-101
942.16,-100
942.4,-94
942.65,-120
942.89,-111
943.14,-123
943.38,-116
943.63,-106
943.87,-112
944.12,-116
944.37,-66
944.61,-86
944.86,-70
945.1,-106
945.35,-89
945.59,-112
945.84,-116
946.08,-90
946.33,-66
946.57,-105
946.82,-87
947.06,-95
947.31,-90
947.56,-85
947.8,-117
948.05,-111
948.29,-85
948.54,-104
948.78,-150
949.03,-115
949.27,-92
949.52,-76
949.76,-102
950.01,-93
950.25,-107
950.5,-98
950.74,-110
950.99,-75
951.23,-68
951.48,-92
951.72,-92
951.97,-110
952.21,-96
952.46,-120
952.7,-85
952.95,-87
953.19,-83
953.44,-95
953.68,-114
953.93,-85
954.17,-77
954.42,-82
954.66,-72
954.91,-103
955.15,-89
955.4,-113
955.64,-117
955.89,-113
956.13,-70
956.38,-98
956.62,-115
956.87,-116
957.11,-137
957.36,-87
957.6,-69
957.85,-91
958.09,-100
958.34,-80
958.58,-55
958.83,-90
959.07,-71
959.32,-85
959.56,-107
959.81,-84
960.05,-108
960.3,-112
960.54,-135
960.79,-111
961.03,-124
961.28,-96
961.52,-97
961.77,-104
962.01,-78
962.25,-114
962.5,-92
962.74,-123
962.99,-79
963.23,-98
963.48,-118
963.72,-85
963.97,-106
964.21,-100
964.46,-103
964.7,-109
964.95,-129
965.19,-96
965.43,-87
965.68,-105
965.92,-105
966.17,-106
966.41,-112
966.66,-104
966.9,-103
967.15,-104
967.39,-117
967.64,-95
967.88,-109
968.12,-92
968.37,-88
968.61,-115
968.86,-99
969.1,-71
969.35,-115
969.59,-132
969.83,-99
970.08,-104
970.32,-111
970.57,-90
970.81,-105
971.06,-94
971.3,-94
971.55,-84
971.79,-96
972.03,-124
972.28,-111
972.52,-80
972.77,-117
973.01,-122
973.26,-127
973.5,-95
973.74,-77
973.99,-57
974.23,-79
974.48,-140
974.72,-87
974.96,-109
975.21,-100
975.45,-94
975.7,-72
975.94,-104
976.19,-145
976.43,-114
976.67,-62
976.92,-68
977.16,-94
977.41,-63
977.65,-120
977.89,-126
978.14,-98
978.38,-88
978.63,-94
978.87,-85
979.11,-99
979.36,-93
979.6,-80
979.85,-104
980.09,-86
980.33,-101
980.58,-101
980.82,-114
981.07,-102
981.31,-97
981.55,-103
981.8,-98
982.04,-124
982.28,-109
982.53,-86
982.77,-82
983.02,-121
983.26,-106
983.5,-89
983.75,-81
983.99,-81
984.24,-86
984.48,-91
984.72,-94
984.97,-116
985.21,-97
985.45,-95
985.7,-115
985.94,-87
986.19,-81
986.43,-93
986.67,-110
986.92,-122
987.16,-89
987.4,-83
987.65,-80
987.89,-77
988.13,-70
988.38,-97
988.62,-99
988.87,-94
989.11,-80
989.35,-86
989.6,-99
989.84,-115
990.08,-110
990.33,-92
990.57,-105
990.81,-104
991.06,-100
991.3,-110
991.54,-90
991.79,-94
992.03,-88
992.27,-93
992.52,-97
992.76,-81
993,-98
993.25,-104
993.49,-104
993.73,-112
993.98,-86
994.22,-109
994.47,-74
994.71,-97
994.95,-73
995.2,-71
995.44,-114
995.68,-94
995.92,-95
996.17,-100
996.41,-115
996.65,-89
996.9,-84
997.14,-79
997.38,-89
997.63,-91
997.87,-81
998.11,-106
998.36,-105
998.6,-127
998.84,-77
999.09,-111
999.33,-95
999.57,-107
999.82,-88
1000.06,-110
1000.3,-76
1000.55,-110
1000.79,-111
1001.03,-81
1001.27,-93
1001.52,-80
1001.76,-98
1002,-107
1002.25,-78
1002.49,-99
1002.73,-104
1002.98,-143
1003.22,-120
1003.46,-70
1003.7,-87
1003.95,-101
1004.19,-102
1004.43,-109
1004.68,-73
1004.92,-115
1005.16,-122
1005.41,-144
1005.65,-111
1005.89,-90
1006.13,-91
1006.38,-58
1006.62,-66
1006.86,-137
1007.11,-121
1007.35,-134
1007.59,-95
1007.83,-120
1008.08,-117
1008.32,-96
1008.56,-88
1008.8,-92
1009.05,-102
1009.29,-95
1009.53,-88
1009.78,-100
1010.02,-108
1010.26,-89
1010.5,-92
1010.75,-102
1010.99,-122
1011.23,-99
1011.47,-46
1011.72,-43
1011.96,-66
1012.2,-80
1012.44,-111
1012.69,-116
1012.93,-104
1013.17,-101
1013.42,-103
1013.66,-86
1013.9,-106
1014.14,-112
1014.39,-74
1014.63,-71
1014.87,-103
1015.11,-116
1015.36,-97
1015.6,-117
1015.84,-63
1016.08,-130
1016.33,-93
1016.57,-74
1016.81,-118
1017.05,-100
1017.29,-101
1017.54,-102
1017.78,-90
1018.02,-127
1018.26,-98
1018.51,-101
1018.75,-83
1018.99,-93
1019.23,-83
1019.48,-86
1019.72,-115
1019.96,-99
1020.2,-90
1020.44,-92
1020.69,-83
1020.93,-127
1021.17,-89
1021.41,-107
1021.66,-104
1021.9,-108
1022.14,-111
1022.38,-92
1022.62,-87
1022.87,-85
1023.11,-42
1023.35,-80
1023.59,-98
1023.84,-79
1024.08,-96
1024.32,-95
1024.56,-86
1024.8,-102
1025.05,-65
1025.29,-105
1025.53,-119
1025.77,-106
1026.01,-84
1026.26,-74
1026.5,-79
1026.74,-116
1026.98,-64
1027.22,-17
1027.47,-56
1027.71,-108
1027.95,-97
1028.19,-97
1028.43,-101
1028.68,-107
1028.92,-52
1029.16,-96
1029.4,-112
1029.64,-98
1029.88,-86
1030.13,-99
1030.37,-117
1030.61,-94
1030.85,-81
1031.09,-98
1031.34,-95
1031.58,-100
1031.82,-83
1032.06,-95
1032.3,-102
1032.54,-100
1032.79,-82
1033.03,-94
1033.27,-117
1033.51,-63
1033.75,-65
1033.99,-172
1034.24,-114
1034.48,-108
1034.72,-80
1034.96,-88
1035.2,-100
1035.44,-100
1035.69,-111
1035.93,-84
1036.17,-75
1036.41,-71
1036.65,-104
1036.89,-73
1037.14,-68
1037.38,-116
1037.62,-131
1037.86,-89
1038.1,-87
1038.34,-92
1038.58,-119
1038.83,-85
1039.07,-50
1039.31,-65
1039.55,-73
1039.79,-96
1040.03,-92
1040.27,-111
1040.52,-80
1040.76,-99
1041,-67
1041.24,-61
1041.48,-121
1041.72,-99
1041.96,-87
1042.21,-67
1042.45,-97
1042.69,-75
1042.93,-131
1043.17,-85
1043.41,-93
1043.65,-85
1043.89,-87
1044.14,-102
1044.38,-82
1044.62,-91
1044.86,-113
1045.1,-101
1045.34,-81
1045.58,-87
1045.82,-101
1046.07,-91
1046.31,-98
1046.55,-103
1046.79,-117
1047.03,-77
1047.27,-65
1047.51,-77
1047.75,-89
1047.99,-128
1048.24,-108
1048.48,-71
1048.72,-111
1048.96,-112
1049.2,-96
1049.44,-72
1049.68,-108
1049.92,-89
1050.16,-106
1050.4,-110
1050.65,-99
1050.89,-95
1051.13,-84
1051.37,-81
1051.61,-124
1051.85,-102
1052.09,-85
1052.33,-114
1052.57,-101
1052.81,-82
1053.05,-100
1053.3,-103
1053.54,-59
1053.78,-87
1054.02,-65
1054.26,-99
1054.5,-107
1054.74,-113
1054.98,-98
1055.22,-92
1055.46,-103
1055.7,-103
1055.94,-124
1056.18,-101
1056.43,-87
1056.67,-83
1056.91,-95
1057.15,-75
1057.39,-119
1057.63,-104
1057.87,-69
1058.11,-70
1058.35,-83
1058.59,-133
1058.83,-90
1059.07,-101
1059.31,-95
1059.55,-97
1059.79,-120
1060.03,-86
1060.27,-80
1060.52,-97
1060.76,-92
1061,-94
1061.24,-85
1061.48,-127
1061.72,-130
1061.96,-83
1062.2,-85
1062.44,-104
1062.68,-99
1062.92,-77
1063.16,-92
1063.4,-93
1063.64,-106
1063.88,-87
1064.12,-112
1064.36,-92
1064.6,-99
1064.84,-83
1065.08,-75
1065.32,-109
1065.56,-110
1065.8,-116
1066.04,-97
1066.29,-113
1066.53,-110
1066.77,-91
1067.01,-98
1067.25,-74
1067.49,-77
1067.73,-92
1067.97,-78
1068.21,-83
1068.45,-92
1068.69,-72
1068.93,-76
1069.17,-83
1069.41,-91
1069.65,-97
1069.89,-96
1070.13,-94
1070.37,-111
1070.61,-122
1070.85,-94
1071.09,-83
1071.33,-122
1071.57,-80
1071.81,-93
1072.05,-90
1072.29,-84
1072.53,-92
1072.77,-104
1073.01,-81
1073.25,-82
1073.49,-89
1073.73,-115
1073.97,-109
1074.21,-97
1074.45,-85
1074.69,-98
1074.93,-117
1075.17,-89
1075.41,-118
1075.65,-125
1075.89,-127
1076.13,-115
1076.37,-96
1076.61,-115
1076.85,-101
1077.09,-110
1077.33,-98
1077.57,-108
1077.81,-85
1078.05,-92
1078.29,-88
1078.53,-101
1078.76,-95
1079,-104
1079.24,-77
1079.48,-101
1079.72,-100
1079.96,-73
1080.2,-86
1080.44,-94
1080.68,-130
1080.92,-103
1081.16,-71
1081.4,-87
1081.64,-98
1081.88,-104
1082.12,-76
1082.36,-114
1082.6,-98
1082.84,-110
1083.08,-111
1083.32,-124
1083.56,-109
1083.8,-98
1084.04,-103
1084.28,-83
1084.52,-102
1084.75,-68
1084.99,-74
1085.23,-56
1085.47,-124
1085.71,-72
1085.95,-82
1086.19,-97
1086.43,-103
1086.67,-59
1086.91,-89
1087.15,-98
1087.39,-80
1087.63,-64
1087.87,-69
1088.11,-61
1088.35,-117
1088.58,-70
1088.82,-73
1089.06,-94
1089.3,-82
1089.54,-104
1089.78,-94
1090.02,-82
1090.26,-93
1090.5,-74
1090.74,-103
1090.98,-107
1091.22,-117
1091.46,-103
1091.69,-65
1091.93,-98
1092.17,-94
1092.41,-62
1092.65,-90
1092.89,-86
1093.13,-89
1093.37,-87
1093.61,-115
1093.85,-122
1094.09,-92
1094.32,-108
1094.56,-114
1094.8,-91
1095.04,-82
1095.28,-85
1095.52,-107
1095.76,-81
1096,-111
1096.24,-79
1096.48,-87
1096.71,-104
1096.95,-90
1097.19,-112
1097.43,-85
1097.67,-68
1097.91,-98
1098.15,-86
1098.39,-105
1098.63,-85
1098.86,-116
1099.1,-61
1099.34,-100
1099.58,-96
1099.82,-69
1100.06,-122
1100.3,-119
1100.54,-102
1100.77,-75
1101.01,-110
1101.25,-99
1101.49,-120
1101.73,-115
1101.97,-56
1102.21,-91
1102.45,-99
1102.68,-86
1102.92,-92
1103.16,-79
1103.4,-113
1103.64,-87
1103.88,-105
1104.12,-75
1104.35,-110
1104.59,-79
1104.83,-77
1105.07,-65
1105.31,-63
1105.55,-92
1105.79,-109
1106.02,-88
1106.26,-87
1106.5,-84
1106.74,-95
1106.98,-79
1107.22,-114
1107.46,-93
1107.69,-87
1107.93,-85
1108.17,-97
1108.41,-109
1108.65,-102
1108.89,-84
1109.12,-71
1109.36,-92
1109.6,-80
1109.84,-79
1110.08,-75
1110.32,-102
1110.55,-84
1110.79,-90
1111.03,-93
1111.27,-70
1111.51,-72
1111.75,-86
1111.98,-117
1112.22,-123
1112.46,-118
1112.7,-94
1112.94,-71
1113.18,-96
1113.41,-121
1113.65,-88
1113.89,-79
1114.13,-81
1114.37,-67
1114.6,-76
1114.84,-62
1115.08,-92
1115.32,-102
1115.56,-90
1115.79,-77
1116.03,-101
1116.27,-65
1116.51,-69
1116.75,-81
1116.98,-105
1117.22,-70
1117.46,-90
1117.7,-73
1117.94,-73
1118.17,-73
1118.41,-77
1118.65,-121
1118.89,-84
1119.13,-82
1119.36,-122
1119.6,-110
1119.84,-96
1120.08,-127
1120.32,-61
1120.55,-94
1120.79,-89
1121.03,-57
1121.27,-79
1121.51,-85
1121.74,-93
1121.98,-123
1122.22,-94
1122.46,-80
1122.69,-77
1122.93,-84
1123.17,-92
1123.41,-112
1123.65,-94
1123.88,-107
1124.12,-93
1124.36,-94
1124.6,-109
1124.83,-104
1125.07,-100
